nohup: ignoring input
[run_matrix] 16 cells total; running 5; skipping 11
[run_matrix] SKIPPED (budget): tjepa_h2
[run_matrix] SKIPPED (budget): tjepa_h4
[run_matrix] SKIPPED (budget): tjepa_h8
[run_matrix] SKIPPED (budget): tjepa_preddepth1
[run_matrix] SKIPPED (budget): tjepa_preddepth2
[run_matrix] SKIPPED (budget): tjepa_preddepth4
[run_matrix] SKIPPED (budget): tjepa_preddepth6
[run_matrix] SKIPPED (budget): tjepa_dim128
[run_matrix] SKIPPED (budget): tjepa_dim256
[run_matrix] SKIPPED (budget): tjepa_dim512
[run_matrix] SKIPPED (budget): tjepa_dim768
[run_matrix] device = cuda:0
[run_matrix] probing on val folds [4]
[run_matrix] tjepa_h1: already complete (runs/matrix/tjepa_h1.pt) -> resume skip
[run_matrix] spatial_jepa: already complete (runs/matrix/spatial_jepa.pt) -> resume skip
[run_matrix] mae: already complete (runs/matrix/mae.pt) -> resume skip
Traceback (most recent call last):
  File "/home/jagat/Atharv/multi_temporal_jepa/scripts/run_matrix.py", line 212, in <module>
    main()
  File "/home/jagat/Atharv/multi_temporal_jepa/scripts/run_matrix.py", line 167, in main
    encoder = TRAINERS[obj](loader, cfg, device)
              ^^^^^^^^^^^^^^^^^^^^^^^^^^^^^^^^^^
  File "/home/jagat/Atharv/multi_temporal_jepa/engine/train_baselines.py", line 82, in train_byol
    p1 = pred_o(proj_o(_pool_global(online, v1)))
                       ^^^^^^^^^^^^^^^^^^^^^^^^
  File "/home/jagat/Atharv/multi_temporal_jepa/engine/train_baselines.py", line 49, in _pool_global
    tok = backbone.encode_full(flat).mean(dim=1).reshape(B, T, backbone.embed_dim)  # (B,T,D)
          ^^^^^^^^^^^^^^^^^^^^^^^^^^
  File "/home/jagat/Atharv/multi_temporal_jepa/models/jepa.py", line 57, in encode_full
    return self.spatial_vit(tok, pos_embed=self.spatial_pos)
           ^^^^^^^^^^^^^^^^^^^^^^^^^^^^^^^^^^^^^^^^^^^^^^^^^
  File "/home/jagat/miniforge3/lib/python3.12/site-packages/torch/nn/modules/module.py", line 1776, in _wrapped_call_impl
    return self._call_impl(*args, **kwargs)
           ^^^^^^^^^^^^^^^^^^^^^^^^^^^^^^^^
  File "/home/jagat/miniforge3/lib/python3.12/site-packages/torch/nn/modules/module.py", line 1787, in _call_impl
    return forward_call(*args, **kwargs)
           ^^^^^^^^^^^^^^^^^^^^^^^^^^^^^
  File "/home/jagat/Atharv/multi_temporal_jepa/models/vit.py", line 85, in forward
    x = cp.checkpoint(blk, x, key_padding_mask, use_reentrant=False)
        ^^^^^^^^^^^^^^^^^^^^^^^^^^^^^^^^^^^^^^^^^^^^^^^^^^^^^^^^^^^^
  File "/home/jagat/miniforge3/lib/python3.12/site-packages/torch/_compile.py", line 54, in inner
    return disable_fn(*args, **kwargs)
           ^^^^^^^^^^^^^^^^^^^^^^^^^^^
  File "/home/jagat/miniforge3/lib/python3.12/site-packages/torch/_dynamo/eval_frame.py", line 1181, in _fn
    return fn(*args, **kwargs)
           ^^^^^^^^^^^^^^^^^^^
  File "/home/jagat/miniforge3/lib/python3.12/site-packages/torch/utils/checkpoint.py", line 512, in checkpoint
    ret = function(*args, **kwargs)
          ^^^^^^^^^^^^^^^^^^^^^^^^^
  File "/home/jagat/miniforge3/lib/python3.12/site-packages/torch/nn/modules/module.py", line 1776, in _wrapped_call_impl
    return self._call_impl(*args, **kwargs)
           ^^^^^^^^^^^^^^^^^^^^^^^^^^^^^^^^
  File "/home/jagat/miniforge3/lib/python3.12/site-packages/torch/nn/modules/module.py", line 1787, in _call_impl
    return forward_call(*args, **kwargs)
           ^^^^^^^^^^^^^^^^^^^^^^^^^^^^^
  File "/home/jagat/Atharv/multi_temporal_jepa/models/vit.py", line 57, in forward
    x = x + self.mlp(self.norm2(x))
            ^^^^^^^^^^^^^^^^^^^^^^^
  File "/home/jagat/miniforge3/lib/python3.12/site-packages/torch/nn/modules/module.py", line 1776, in _wrapped_call_impl
    return self._call_impl(*args, **kwargs)
           ^^^^^^^^^^^^^^^^^^^^^^^^^^^^^^^^
  File "/home/jagat/miniforge3/lib/python3.12/site-packages/torch/nn/modules/module.py", line 1787, in _call_impl
    return forward_call(*args, **kwargs)
           ^^^^^^^^^^^^^^^^^^^^^^^^^^^^^
  File "/home/jagat/miniforge3/lib/python3.12/site-packages/torch/nn/modules/container.py", line 253, in forward
    input = module(input)
            ^^^^^^^^^^^^^
  File "/home/jagat/miniforge3/lib/python3.12/site-packages/torch/nn/modules/module.py", line 1776, in _wrapped_call_impl
    return self._call_impl(*args, **kwargs)
           ^^^^^^^^^^^^^^^^^^^^^^^^^^^^^^^^
  File "/home/jagat/miniforge3/lib/python3.12/site-packages/torch/nn/modules/module.py", line 1787, in _call_impl
    return forward_call(*args, **kwargs)
           ^^^^^^^^^^^^^^^^^^^^^^^^^^^^^
  File "/home/jagat/miniforge3/lib/python3.12/site-packages/torch/nn/modules/activation.py", line 815, in forward
    return F.gelu(input, approximate=self.approximate)
           ^^^^^^^^^^^^^^^^^^^^^^^^^^^^^^^^^^^^^^^^^^^
torch.OutOfMemoryError: CUDA out of memory. Tried to allocate 1024.00 MiB. GPU 0 has a total capacity of 47.40 GiB of which 664.00 MiB is free. Process 660151 has 1.03 GiB memory in use. Process 668594 has 1.02 GiB memory in use. Process 701673 has 652.00 MiB memory in use. Process 1451210 has 10.73 GiB memory in use. Process 1765753 has 28.71 GiB memory in use. Including non-PyTorch memory, this process has 4.57 GiB memory in use. Of the allocated memory 3.45 GiB is allocated by PyTorch, and 833.28 MiB is reserved by PyTorch but unallocated. If reserved but unallocated memory is large try setting PYTORCH_ALLOC_CONF=expandable_segments:True to avoid fragmentation.  See documentation for Memory Management  (https://pytorch.org/docs/stable/notes/cuda.html#environment-variables)
nohup: ignoring input
[run_matrix] 16 cells total; running 5; skipping 11
[run_matrix] SKIPPED (budget): tjepa_h2
[run_matrix] SKIPPED (budget): tjepa_h4
[run_matrix] SKIPPED (budget): tjepa_h8
[run_matrix] SKIPPED (budget): tjepa_preddepth1
[run_matrix] SKIPPED (budget): tjepa_preddepth2
[run_matrix] SKIPPED (budget): tjepa_preddepth4
[run_matrix] SKIPPED (budget): tjepa_preddepth6
[run_matrix] SKIPPED (budget): tjepa_dim128
[run_matrix] SKIPPED (budget): tjepa_dim256
[run_matrix] SKIPPED (budget): tjepa_dim512
[run_matrix] SKIPPED (budget): tjepa_dim768
[run_matrix] device = cuda:0
[run_matrix] probing on val folds [4]
[run_matrix] tjepa_h1: already complete (runs/matrix/tjepa_h1.pt) -> resume skip
[run_matrix] spatial_jepa: already complete (runs/matrix/spatial_jepa.pt) -> resume skip
[run_matrix] mae: already complete (runs/matrix/mae.pt) -> resume skip
Traceback (most recent call last):
  File "/home/jagat/Atharv/multi_temporal_jepa/scripts/run_matrix.py", line 212, in <module>
    main()
  File "/home/jagat/Atharv/multi_temporal_jepa/scripts/run_matrix.py", line 167, in main
    encoder = TRAINERS[obj](loader, cfg, device)
              ^^^^^^^^^^^^^^^^^^^^^^^^^^^^^^^^^^
  File "/home/jagat/Atharv/multi_temporal_jepa/engine/train_baselines.py", line 91, in train_byol
    p2 = pred_o(proj_o(_pool_global(online, v2)))
                       ^^^^^^^^^^^^^^^^^^^^^^^^
  File "/home/jagat/Atharv/multi_temporal_jepa/engine/train_baselines.py", line 55, in _pool_global
    chunks = [backbone.encode_full(flat[i:i + frame_chunk]).mean(dim=1)
              ^^^^^^^^^^^^^^^^^^^^^^^^^^^^^^^^^^^^^^^^^^^^^
  File "/home/jagat/Atharv/multi_temporal_jepa/models/jepa.py", line 57, in encode_full
    return self.spatial_vit(tok, pos_embed=self.spatial_pos)
           ^^^^^^^^^^^^^^^^^^^^^^^^^^^^^^^^^^^^^^^^^^^^^^^^^
  File "/home/jagat/miniforge3/lib/python3.12/site-packages/torch/nn/modules/module.py", line 1776, in _wrapped_call_impl
    return self._call_impl(*args, **kwargs)
           ^^^^^^^^^^^^^^^^^^^^^^^^^^^^^^^^
  File "/home/jagat/miniforge3/lib/python3.12/site-packages/torch/nn/modules/module.py", line 1787, in _call_impl
    return forward_call(*args, **kwargs)
           ^^^^^^^^^^^^^^^^^^^^^^^^^^^^^
  File "/home/jagat/Atharv/multi_temporal_jepa/models/vit.py", line 85, in forward
    x = cp.checkpoint(blk, x, key_padding_mask, use_reentrant=False)
        ^^^^^^^^^^^^^^^^^^^^^^^^^^^^^^^^^^^^^^^^^^^^^^^^^^^^^^^^^^^^
  File "/home/jagat/miniforge3/lib/python3.12/site-packages/torch/_compile.py", line 54, in inner
    return disable_fn(*args, **kwargs)
           ^^^^^^^^^^^^^^^^^^^^^^^^^^^
  File "/home/jagat/miniforge3/lib/python3.12/site-packages/torch/_dynamo/eval_frame.py", line 1181, in _fn
    return fn(*args, **kwargs)
           ^^^^^^^^^^^^^^^^^^^
  File "/home/jagat/miniforge3/lib/python3.12/site-packages/torch/utils/checkpoint.py", line 512, in checkpoint
    ret = function(*args, **kwargs)
          ^^^^^^^^^^^^^^^^^^^^^^^^^
  File "/home/jagat/miniforge3/lib/python3.12/site-packages/torch/nn/modules/module.py", line 1776, in _wrapped_call_impl
    return self._call_impl(*args, **kwargs)
           ^^^^^^^^^^^^^^^^^^^^^^^^^^^^^^^^
  File "/home/jagat/miniforge3/lib/python3.12/site-packages/torch/nn/modules/module.py", line 1787, in _call_impl
    return forward_call(*args, **kwargs)
           ^^^^^^^^^^^^^^^^^^^^^^^^^^^^^
  File "/home/jagat/Atharv/multi_temporal_jepa/models/vit.py", line 57, in forward
    x = x + self.mlp(self.norm2(x))
            ^^^^^^^^^^^^^^^^^^^^^^^
  File "/home/jagat/miniforge3/lib/python3.12/site-packages/torch/nn/modules/module.py", line 1776, in _wrapped_call_impl
    return self._call_impl(*args, **kwargs)
           ^^^^^^^^^^^^^^^^^^^^^^^^^^^^^^^^
  File "/home/jagat/miniforge3/lib/python3.12/site-packages/torch/nn/modules/module.py", line 1787, in _call_impl
    return forward_call(*args, **kwargs)
           ^^^^^^^^^^^^^^^^^^^^^^^^^^^^^
  File "/home/jagat/miniforge3/lib/python3.12/site-packages/torch/nn/modules/container.py", line 253, in forward
    input = module(input)
            ^^^^^^^^^^^^^
  File "/home/jagat/miniforge3/lib/python3.12/site-packages/torch/nn/modules/module.py", line 1776, in _wrapped_call_impl
    return self._call_impl(*args, **kwargs)
           ^^^^^^^^^^^^^^^^^^^^^^^^^^^^^^^^
  File "/home/jagat/miniforge3/lib/python3.12/site-packages/torch/nn/modules/module.py", line 1787, in _call_impl
    return forward_call(*args, **kwargs)
           ^^^^^^^^^^^^^^^^^^^^^^^^^^^^^
  File "/home/jagat/miniforge3/lib/python3.12/site-packages/torch/nn/modules/activation.py", line 815, in forward
    return F.gelu(input, approximate=self.approximate)
           ^^^^^^^^^^^^^^^^^^^^^^^^^^^^^^^^^^^^^^^^^^^
torch.OutOfMemoryError: CUDA out of memory. Tried to allocate 128.00 MiB. GPU 0 has a total capacity of 47.40 GiB of which 22.00 MiB is free. Process 660151 has 1.03 GiB memory in use. Process 668594 has 1.02 GiB memory in use. Process 701673 has 652.00 MiB memory in use. Process 1451210 has 10.73 GiB memory in use. Process 1765753 has 28.71 GiB memory in use. Including non-PyTorch memory, this process has 5.20 GiB memory in use. Of the allocated memory 4.64 GiB is allocated by PyTorch, and 256.45 MiB is reserved by PyTorch but unallocated. If reserved but unallocated memory is large try setting PYTORCH_ALLOC_CONF=expandable_segments:True to avoid fragmentation.  See documentation for Memory Management  (https://pytorch.org/docs/stable/notes/cuda.html#environment-variables)
nohup: ignoring input
[run_matrix] 16 cells total; running 5; skipping 11
[run_matrix] SKIPPED (budget): tjepa_h2
[run_matrix] SKIPPED (budget): tjepa_h4
[run_matrix] SKIPPED (budget): tjepa_h8
[run_matrix] SKIPPED (budget): tjepa_preddepth1
[run_matrix] SKIPPED (budget): tjepa_preddepth2
[run_matrix] SKIPPED (budget): tjepa_preddepth4
[run_matrix] SKIPPED (budget): tjepa_preddepth6
[run_matrix] SKIPPED (budget): tjepa_dim128
[run_matrix] SKIPPED (budget): tjepa_dim256
[run_matrix] SKIPPED (budget): tjepa_dim512
[run_matrix] SKIPPED (budget): tjepa_dim768
[run_matrix] device = cuda:2
[run_matrix] probing on val folds [4]
[run_matrix] tjepa_h1: already complete (runs/matrix/tjepa_h1.pt) -> resume skip
[run_matrix] spatial_jepa: already complete (runs/matrix/spatial_jepa.pt) -> resume skip
[run_matrix] mae: already complete (runs/matrix/mae.pt) -> resume skip
[byol] step 0 loss 3.7578
[byol] step 50 loss 0.1491
[byol] step 100 loss 0.0800
[byol] step 150 loss 0.0465
[byol] step 200 loss 0.0733
[byol] step 250 loss 0.0545
[byol] step 300 loss 0.0270
[byol] step 350 loss 0.0173
[byol] step 400 loss 0.0165
[byol] step 450 loss 0.0656
[byol] step 500 loss 0.0145
[byol] step 550 loss 0.0034
[byol] step 600 loss 0.0096
[byol] step 650 loss 0.0107
[byol] step 700 loss 0.0307
[byol] step 750 loss 0.0349
[byol] step 800 loss 0.0158
[byol] step 850 loss 0.0083
[byol] step 900 loss 0.0081
[byol] step 950 loss 0.0102
[byol] step 1000 loss 0.0146
[byol] step 1050 loss 0.0247
[byol] step 1100 loss 0.0142
[byol] step 1150 loss 0.0040
[byol] step 1200 loss 0.0050
[byol] step 1250 loss 0.0076
[byol] step 1300 loss 0.0052
[byol] step 1350 loss 0.0059
[byol] step 1400 loss 0.0054
[byol] step 1450 loss 0.0102
[byol] step 1500 loss 0.0092
[byol] step 1550 loss 0.0215
[byol] step 1600 loss 0.0087
[byol] step 1650 loss 0.0098
[byol] step 1700 loss 0.0063
[byol] step 1750 loss 0.0163
[byol] step 1800 loss 0.0150
[byol] step 1850 loss 0.0074
[byol] step 1900 loss 0.0042
[byol] step 1950 loss 0.0074
[byol] step 2000 loss 0.0079
[byol] step 2050 loss 0.0050
[byol] step 2100 loss 0.0050
[byol] step 2150 loss 0.0098
[byol] step 2200 loss 0.0022
[byol] step 2250 loss 0.0041
[byol] step 2300 loss 0.0210
[byol] step 2350 loss 0.0099
[byol] step 2400 loss 0.0111
[byol] step 2450 loss 0.0072
[byol] step 2500 loss 0.0063
[byol] step 2550 loss 0.0068
[byol] step 2600 loss 0.0330
[byol] step 2650 loss 0.0094
[byol] step 2700 loss 0.0092
[byol] step 2750 loss 0.0071
[byol] step 2800 loss 0.0103
[byol] step 2850 loss 0.0092
[byol] step 2900 loss 0.0152
[byol] step 2950 loss 0.0058
[byol] step 3000 loss 0.0078
[byol] step 3050 loss 0.0094
[byol] step 3100 loss 0.0054
[byol] step 3150 loss 0.0512
[byol] step 3200 loss 0.0356
[byol] step 3250 loss 0.0168
[byol] step 3300 loss 0.0128
[byol] step 3350 loss 0.0069
[byol] step 3400 loss 0.0041
[byol] step 3450 loss 0.0073
[byol] step 3500 loss 0.0130
[byol] step 3550 loss 0.0048
[byol] step 3600 loss 0.0076
[byol] step 3650 loss 0.0298
[byol] step 3700 loss 0.0114
[byol] step 3750 loss 0.0050
[byol] step 3800 loss 0.0097
[byol] step 3850 loss 0.0109
[byol] step 3900 loss 0.0215
[byol] step 3950 loss 0.0149
[byol] step 4000 loss 0.0070
[byol] step 4050 loss 0.0033
[byol] step 4100 loss 0.0088
[byol] step 4150 loss 0.0144
[byol] step 4200 loss 0.0033
[byol] step 4250 loss 0.0041
[byol] step 4300 loss 0.0050
[byol] step 4350 loss 0.0077
[byol] step 4400 loss 0.0040
[byol] step 4450 loss 0.0039
[byol] step 4500 loss 0.0034
[byol] step 4550 loss 0.0054
[byol] step 4600 loss 0.0032
[byol] step 4650 loss 0.0026
[byol] step 4700 loss 0.0047
[byol] step 4750 loss 0.0084
[byol] step 4800 loss 0.0022
[byol] step 4850 loss 0.0046
[byol] step 4900 loss 0.0047
[byol] step 4950 loss 0.0063
[byol] step 5000 loss 0.0037
[byol] step 5050 loss 0.0051
[byol] step 5100 loss 0.0030
[byol] step 5150 loss 0.0020
[byol] step 5200 loss 0.0045
[byol] step 5250 loss 0.0042
[byol] step 5300 loss 0.0031
[byol] step 5350 loss 0.0063
[byol] step 5400 loss 0.0020
[byol] step 5450 loss 0.0031
[byol] step 5500 loss 0.0022
[byol] step 5550 loss 0.0039
[byol] step 5600 loss 0.0033
[byol] step 5650 loss 0.0018
[byol] step 5700 loss 0.0027
[byol] step 5750 loss 0.0033
[byol] step 5800 loss 0.0115
[byol] step 5850 loss 0.0183
[byol] step 5900 loss 0.0107
[byol] step 5950 loss 0.0033
[byol] step 6000 loss 0.0028
[byol] step 6050 loss 0.0037
[byol] step 6100 loss 0.0022
[byol] step 6150 loss 0.0020
[byol] step 6200 loss 0.0018
[byol] step 6250 loss 0.0023
[byol] step 6300 loss 0.0028
[byol] step 6350 loss 0.0071
[byol] step 6400 loss 0.0042
[byol] step 6450 loss 0.0028
[byol] step 6500 loss 0.0024
[byol] step 6550 loss 0.0060
[byol] step 6600 loss 0.0035
[byol] step 6650 loss 0.0047
[byol] step 6700 loss 0.0052
[byol] step 6750 loss 0.0020
[byol] step 6800 loss 0.0015
[byol] step 6850 loss 0.0046
[byol] step 6900 loss 0.0047
[byol] step 6950 loss 0.0020
[byol] step 7000 loss 0.0023
[byol] step 7050 loss 0.0027
[byol] step 7100 loss 0.0020
[byol] step 7150 loss 0.0027
[byol] step 7200 loss 0.0066
[byol] step 7250 loss 0.0013
[byol] step 7300 loss 0.0028
[byol] step 7350 loss 0.0135
[byol] step 7400 loss 0.0099
[byol] step 7450 loss 0.0042
[byol] step 7500 loss 0.0025
[byol] step 7550 loss 0.0028
[byol] step 7600 loss 0.0041
[byol] step 7650 loss 0.0031
[byol] step 7700 loss 0.0112
[byol] step 7750 loss 0.0125
[byol] step 7800 loss 0.0072
[byol] step 7850 loss 0.0040
[byol] step 7900 loss 0.0023
[byol] step 7950 loss 0.0026
[byol] step 8000 loss 0.0032
[byol] step 8050 loss 0.0025
[byol] step 8100 loss 0.0024
[byol] step 8150 loss 0.0050
[byol] step 8200 loss 0.0083
[byol] step 8250 loss 0.0322
[byol] step 8300 loss 0.0096
[byol] step 8350 loss 0.0168
[byol] step 8400 loss 0.0042
[byol] step 8450 loss 0.0018
[byol] step 8500 loss 0.0017
[byol] step 8550 loss 0.0027
[byol] step 8600 loss 0.0012
[byol] step 8650 loss 0.0012
[byol] step 8700 loss 0.0010
[byol] step 8750 loss 0.0013
[byol] step 8800 loss 0.0030
[byol] step 8850 loss 0.0023
[byol] step 8900 loss 0.0032
[byol] step 8950 loss 0.0040
[run_matrix] byol: linear=5.48 conv=4.99 knn=0.6266 gpu_h=9.93
[simclr] step 0 loss 3.3940
[simclr] step 50 loss 2.3244
[simclr] step 100 loss 2.2107
[simclr] step 150 loss 2.0693
[simclr] step 200 loss 2.0025
[simclr] step 250 loss 2.0591
[simclr] step 300 loss 1.9832
[simclr] step 350 loss 1.9687
[simclr] step 400 loss 2.0571
[simclr] step 450 loss 1.9340
[simclr] step 500 loss 2.1093
[simclr] step 550 loss 2.0233
[simclr] step 600 loss 2.0674
[simclr] step 650 loss 2.1628
[simclr] step 700 loss 2.3176
[simclr] step 750 loss 2.2378
[simclr] step 800 loss 3.4327
[simclr] step 850 loss 3.4293
[simclr] step 900 loss 3.2844
[simclr] step 950 loss 2.5382
[simclr] step 1000 loss 2.4947
[simclr] step 1050 loss 2.0943
[simclr] step 1100 loss 1.9589
[simclr] step 1150 loss 1.9987
[simclr] step 1200 loss 1.8683
[simclr] step 1250 loss 1.9671
[simclr] step 1300 loss 2.0673
[simclr] step 1350 loss 1.8984
[simclr] step 1400 loss 2.0325
[simclr] step 1450 loss 1.8482
[simclr] step 1500 loss 1.8852
[simclr] step 1550 loss 1.9223
[simclr] step 1600 loss 1.8612
[simclr] step 1650 loss 1.9479
[simclr] step 1700 loss 1.7918
[simclr] step 1750 loss 1.8446
[simclr] step 1800 loss 1.8868
[simclr] step 1850 loss 1.9616
[simclr] step 1900 loss 2.1773
[simclr] step 1950 loss 1.8121
[simclr] step 2000 loss 1.8621
[simclr] step 2050 loss 1.7978
[simclr] step 2100 loss 1.8820
[simclr] step 2150 loss 2.0148
[simclr] step 2200 loss 1.8791
[simclr] step 2250 loss 1.8473
[simclr] step 2300 loss 1.7864
[simclr] step 2350 loss 1.9678
[simclr] step 2400 loss 1.7853
[simclr] step 2450 loss 2.1021
[simclr] step 2500 loss 1.8556
[simclr] step 2550 loss 1.9160
[simclr] step 2600 loss 2.0822
[simclr] step 2650 loss 1.9243
[simclr] step 2700 loss 1.8240
[simclr] step 2750 loss 1.9342
[simclr] step 2800 loss 1.8352
[simclr] step 2850 loss 1.8446
[simclr] step 2900 loss 1.8044
[simclr] step 2950 loss 1.8986
[simclr] step 3000 loss 1.9214
[simclr] step 3050 loss 1.9172
[simclr] step 3100 loss 1.7739
[simclr] step 3150 loss 1.8698
[simclr] step 3200 loss 1.8152
[simclr] step 3250 loss 1.7320
[simclr] step 3300 loss 1.8271
[simclr] step 3350 loss 1.8593
[simclr] step 3400 loss 1.7885
[simclr] step 3450 loss 1.8610
[simclr] step 3500 loss 1.7659
[simclr] step 3550 loss 1.8019
[simclr] step 3600 loss 1.7279
[simclr] step 3650 loss 1.7185
[simclr] step 3700 loss 1.7829
[simclr] step 3750 loss 1.7779
[simclr] step 3800 loss 1.7917
[simclr] step 3850 loss 1.7726
[simclr] step 3900 loss 1.8159
[simclr] step 3950 loss 2.3554
[simclr] step 4000 loss 1.8965
[simclr] step 4050 loss 1.9766
[simclr] step 4100 loss 2.0044
[simclr] step 4150 loss 2.0000
[simclr] step 4200 loss 1.8292
[simclr] step 4250 loss 1.7734
[simclr] step 4300 loss 1.8634
[simclr] step 4350 loss 1.8936
[simclr] step 4400 loss 1.9221
[simclr] step 4450 loss 1.7779
[simclr] step 4500 loss 1.7580
[simclr] step 4550 loss 1.8677
[simclr] step 4600 loss 1.7387
[simclr] step 4650 loss 1.8007
[simclr] step 4700 loss 1.8466
[simclr] step 4750 loss 3.3834
[simclr] step 4800 loss 1.9388
[simclr] step 4850 loss 3.4252
[simclr] step 4900 loss 2.6844
[simclr] step 4950 loss 2.4913
[simclr] step 5000 loss 2.4091
[simclr] step 5050 loss 2.2375
[simclr] step 5100 loss 2.2738
[simclr] step 5150 loss 1.9713
[simclr] step 5200 loss 1.8147
[simclr] step 5250 loss 2.0040
[simclr] step 5300 loss 1.8330
[simclr] step 5350 loss 2.0986
[simclr] step 5400 loss 1.8906
[simclr] step 5450 loss 1.9542
[simclr] step 5500 loss 1.8317
[simclr] step 5550 loss 1.9855
[simclr] step 5600 loss 1.9558
[simclr] step 5650 loss 1.9377
[simclr] step 5700 loss 1.7589
[simclr] step 5750 loss 1.9728
[simclr] step 5800 loss 1.8297
[simclr] step 5850 loss 1.8615
[simclr] step 5900 loss 1.9103
[simclr] step 5950 loss 1.7142
[simclr] step 6000 loss 1.7682
[simclr] step 6050 loss 1.8329
[simclr] step 6100 loss 1.7894
[simclr] step 6150 loss 1.7107
[simclr] step 6200 loss 1.8766
[simclr] step 6250 loss 1.7516
[simclr] step 6300 loss 1.7449
[simclr] step 6350 loss 1.6991
[simclr] step 6400 loss 1.8080
[simclr] step 6450 loss 1.8011
[simclr] step 6500 loss 1.7782
[simclr] step 6550 loss 1.7892
[simclr] step 6600 loss 1.8196
[simclr] step 6650 loss 1.7250
[simclr] step 6700 loss 1.7955
[simclr] step 6750 loss 1.7984
[simclr] step 6800 loss 1.7851
[simclr] step 6850 loss 1.6618
[simclr] step 6900 loss 1.8711
[simclr] step 6950 loss 2.0120
[simclr] step 7000 loss 1.9151
[simclr] step 7050 loss 1.7798
[simclr] step 7100 loss 1.8615
[simclr] step 7150 loss 1.7240
[simclr] step 7200 loss 1.9190
[simclr] step 7250 loss 1.8122
[simclr] step 7300 loss 1.7824
[simclr] step 7350 loss 1.8901
[simclr] step 7400 loss 1.7856
[simclr] step 7450 loss 1.9606
[simclr] step 7500 loss 2.0724
[simclr] step 7550 loss 1.8556
[simclr] step 7600 loss 1.7673
[simclr] step 7650 loss 1.7735
[simclr] step 7700 loss 1.7085
[simclr] step 7750 loss 1.8667
[simclr] step 7800 loss 1.7864
[simclr] step 7850 loss 2.0603
[simclr] step 7900 loss 1.7941
[simclr] step 7950 loss 1.7987
[simclr] step 8000 loss 1.8214
[simclr] step 8050 loss 1.7487
[simclr] step 8100 loss 1.7843
[simclr] step 8150 loss 1.7810
[simclr] step 8200 loss 1.7538
[simclr] step 8250 loss 1.7356
[simclr] step 8300 loss 1.8415
[simclr] step 8350 loss 1.7091
[simclr] step 8400 loss 1.8344
[simclr] step 8450 loss 1.7024
[simclr] step 8500 loss 1.7679
[simclr] step 8550 loss 1.7380
[simclr] step 8600 loss 1.8093
[simclr] step 8650 loss 1.8403
[simclr] step 8700 loss 1.8115
[simclr] step 8750 loss 1.6929
[simclr] step 8800 loss 1.7454
[simclr] step 8850 loss 1.8472
[simclr] step 8900 loss 1.7583
[simclr] step 8950 loss 1.8929
[run_matrix] simclr: linear=3.82 conv=8.29 knn=0.5456 gpu_h=7.81
nohup: ignoring input
[run_matrix] 17 cells total; running 17; skipping 0
[run_matrix] device = cuda:2
[run_matrix] probing on val folds [4]
[run_matrix] tjepa_h1: already complete (runs/matrix/tjepa_h1.pt) -> resume skip
[run_matrix] spatial_jepa: already complete (runs/matrix/spatial_jepa.pt) -> resume skip
[run_matrix] mae: already complete (runs/matrix/mae.pt) -> resume skip
[run_matrix] byol: already complete (runs/matrix/byol.pt) -> resume skip
[run_matrix] simclr: already complete (runs/matrix/simclr.pt) -> resume skip
step 0 loss 2.2764 lr 0.00e+00 wd 0.040 std 0.505 effrank 8.6 varratio 0.079
step 50 loss 1.6496 lr 3.70e-05 wd 0.040 std 0.410 effrank 12.4 varratio 0.066
step 100 loss 1.4497 lr 7.41e-05 wd 0.040 std 0.307 effrank 14.6 varratio 0.034
step 150 loss 1.2690 lr 1.11e-04 wd 0.040 std 0.359 effrank 12.3 varratio 0.014
step 200 loss 1.1018 lr 1.48e-04 wd 0.040 std 0.402 effrank 12.9 varratio 0.012
step 250 loss 1.0852 lr 1.85e-04 wd 0.040 std 0.384 effrank 13.7 varratio 0.006
step 300 loss 1.1251 lr 2.22e-04 wd 0.040 std 0.513 effrank 14.3 varratio 0.007
step 350 loss 0.8632 lr 2.59e-04 wd 0.040 std 0.558 effrank 15.8 varratio 0.010
step 400 loss 0.9264 lr 2.96e-04 wd 0.040 std 0.547 effrank 16.1 varratio 0.057
step 450 loss 0.8478 lr 3.33e-04 wd 0.040 std 0.519 effrank 18.7 varratio 0.271
step 500 loss 0.8281 lr 3.70e-04 wd 0.040 std 0.575 effrank 21.0 varratio 0.042
step 550 loss 0.8114 lr 4.07e-04 wd 0.040 std 0.541 effrank 19.7 varratio 0.062
step 600 loss 0.7674 lr 4.44e-04 wd 0.040 std 0.564 effrank 22.2 varratio 0.194
step 650 loss 0.7316 lr 4.81e-04 wd 0.040 std 0.611 effrank 25.2 varratio 0.260
step 700 loss 0.7680 lr 5.19e-04 wd 0.040 std 0.541 effrank 22.4 varratio 0.429
step 750 loss 0.6693 lr 5.56e-04 wd 0.041 std 0.659 effrank 29.7 varratio 0.240
step 800 loss 0.6816 lr 5.93e-04 wd 0.041 std 0.625 effrank 29.5 varratio 0.401
step 850 loss 0.5888 lr 6.30e-04 wd 0.041 std 0.697 effrank 34.6 varratio 0.483
step 900 loss 0.6729 lr 6.67e-04 wd 0.041 std 0.711 effrank 34.7 varratio 0.406
step 950 loss 0.6850 lr 7.04e-04 wd 0.041 std 0.676 effrank 32.5 varratio 0.369
step 1000 loss 0.6255 lr 7.41e-04 wd 0.041 std 0.670 effrank 38.5 varratio 0.557
step 1050 loss 0.6237 lr 7.78e-04 wd 0.041 std 0.664 effrank 34.8 varratio 0.478
step 1100 loss 0.5719 lr 8.15e-04 wd 0.041 std 0.689 effrank 39.8 varratio 0.610
step 1150 loss 0.5913 lr 8.52e-04 wd 0.041 std 0.763 effrank 52.8 varratio 0.499
step 1200 loss 0.5980 lr 8.89e-04 wd 0.041 std 0.778 effrank 59.3 varratio 0.421
step 1250 loss 0.4927 lr 9.26e-04 wd 0.041 std 0.821 effrank 63.2 varratio 0.540
step 1300 loss 0.4461 lr 9.63e-04 wd 0.042 std 0.861 effrank 77.2 varratio 0.544
step 1350 loss 0.4038 lr 1.00e-03 wd 0.042 std 0.892 effrank 94.4 varratio 0.546
step 1400 loss 0.4108 lr 1.00e-03 wd 0.042 std 0.869 effrank 94.0 varratio 0.546
step 1450 loss 0.5220 lr 1.00e-03 wd 0.042 std 0.856 effrank 87.5 varratio 0.474
step 1500 loss 0.3732 lr 1.00e-03 wd 0.042 std 0.895 effrank 108.1 varratio 0.605
step 1550 loss 0.4200 lr 1.00e-03 wd 0.042 std 0.929 effrank 102.4 varratio 0.496
step 1600 loss 0.3932 lr 1.00e-03 wd 0.042 std 0.949 effrank 125.8 varratio 0.480
step 1650 loss 0.3604 lr 1.00e-03 wd 0.042 std 0.953 effrank 128.3 varratio 0.479
step 1700 loss 0.3606 lr 1.00e-03 wd 0.043 std 0.964 effrank 133.7 varratio 0.551
step 1750 loss 0.3209 lr 1.00e-03 wd 0.043 std 0.959 effrank 148.7 varratio 0.484
step 1800 loss 0.2756 lr 9.99e-04 wd 0.043 std 0.976 effrank 169.2 varratio 0.535
step 1850 loss 0.3365 lr 9.99e-04 wd 0.043 std 0.979 effrank 170.9 varratio 0.483
step 1900 loss 0.3223 lr 9.99e-04 wd 0.043 std 0.974 effrank 169.0 varratio 0.512
step 1950 loss 0.3343 lr 9.99e-04 wd 0.043 std 0.988 effrank 183.3 varratio 0.503
step 2000 loss 0.2658 lr 9.99e-04 wd 0.044 std 0.993 effrank 199.4 varratio 0.514
step 2050 loss 0.2851 lr 9.99e-04 wd 0.044 std 0.997 effrank 206.0 varratio 0.520
step 2100 loss 0.2932 lr 9.98e-04 wd 0.044 std 0.995 effrank 207.0 varratio 0.523
step 2150 loss 0.3156 lr 9.98e-04 wd 0.044 std 0.996 effrank 217.3 varratio 0.504
step 2200 loss 0.3452 lr 9.98e-04 wd 0.044 std 1.000 effrank 218.7 varratio 0.490
step 2250 loss 0.3328 lr 9.98e-04 wd 0.045 std 1.004 effrank 239.7 varratio 0.451
step 2300 loss 0.3475 lr 9.98e-04 wd 0.045 std 1.002 effrank 221.0 varratio 0.490
step 2350 loss 0.2974 lr 9.97e-04 wd 0.045 std 1.006 effrank 250.6 varratio 0.505
step 2400 loss 0.3319 lr 9.97e-04 wd 0.045 std 1.006 effrank 252.4 varratio 0.492
step 2450 loss 0.3388 lr 9.97e-04 wd 0.045 std 1.006 effrank 237.7 varratio 0.503
step 2500 loss 0.3640 lr 9.96e-04 wd 0.046 std 1.005 effrank 245.4 varratio 0.475
step 2550 loss 0.3681 lr 9.96e-04 wd 0.046 std 1.009 effrank 266.3 varratio 0.450
step 2600 loss 0.3423 lr 9.96e-04 wd 0.046 std 1.013 effrank 282.7 varratio 0.477
step 2650 loss 0.4303 lr 9.95e-04 wd 0.046 std 1.015 effrank 278.2 varratio 0.406
step 2700 loss 0.4102 lr 9.95e-04 wd 0.046 std 1.011 effrank 263.3 varratio 0.427
step 2750 loss 0.3760 lr 9.95e-04 wd 0.047 std 1.009 effrank 283.6 varratio 0.434
step 2800 loss 0.4106 lr 9.94e-04 wd 0.047 std 1.010 effrank 261.3 varratio 0.432
step 2850 loss 0.4299 lr 9.94e-04 wd 0.047 std 1.009 effrank 297.1 varratio 0.380
step 2900 loss 0.4872 lr 9.93e-04 wd 0.047 std 1.012 effrank 287.3 varratio 0.390
step 2950 loss 0.4483 lr 9.93e-04 wd 0.048 std 1.018 effrank 309.3 varratio 0.374
step 3000 loss 0.4954 lr 9.93e-04 wd 0.048 std 1.017 effrank 305.8 varratio 0.360
step 3050 loss 0.5110 lr 9.92e-04 wd 0.048 std 1.020 effrank 304.4 varratio 0.360
step 3100 loss 0.4369 lr 9.92e-04 wd 0.049 std 1.021 effrank 305.5 varratio 0.406
step 3150 loss 0.4792 lr 9.91e-04 wd 0.049 std 1.022 effrank 309.5 varratio 0.366
step 3200 loss 0.4929 lr 9.91e-04 wd 0.049 std 1.015 effrank 316.9 varratio 0.331
step 3250 loss 0.5407 lr 9.90e-04 wd 0.049 std 1.016 effrank 315.4 varratio 0.327
step 3300 loss 0.5054 lr 9.90e-04 wd 0.050 std 1.018 effrank 335.8 varratio 0.307
step 3350 loss 0.5779 lr 9.89e-04 wd 0.050 std 1.017 effrank 316.1 varratio 0.356
step 3400 loss 0.5364 lr 9.89e-04 wd 0.050 std 1.017 effrank 315.4 varratio 0.355
step 3450 loss 0.4796 lr 9.88e-04 wd 0.051 std 1.022 effrank 322.9 varratio 0.365
step 3500 loss 0.5658 lr 9.88e-04 wd 0.051 std 1.022 effrank 327.7 varratio 0.281
step 3550 loss 0.5462 lr 9.87e-04 wd 0.051 std 1.020 effrank 323.2 varratio 0.341
step 3600 loss 0.5859 lr 9.86e-04 wd 0.051 std 1.020 effrank 323.6 varratio 0.333
step 3650 loss 0.6212 lr 9.86e-04 wd 0.052 std 1.017 effrank 311.4 varratio 0.313
step 3700 loss 0.6706 lr 9.85e-04 wd 0.052 std 1.018 effrank 289.5 varratio 0.286
step 3750 loss 0.6052 lr 9.84e-04 wd 0.052 std 1.019 effrank 303.1 varratio 0.294
step 3800 loss 0.5944 lr 9.84e-04 wd 0.053 std 1.023 effrank 333.0 varratio 0.302
step 3850 loss 0.5585 lr 9.83e-04 wd 0.053 std 1.023 effrank 326.4 varratio 0.317
step 3900 loss 0.6463 lr 9.82e-04 wd 0.053 std 1.022 effrank 333.1 varratio 0.294
step 3950 loss 0.6348 lr 9.82e-04 wd 0.054 std 1.025 effrank 338.2 varratio 0.287
step 4000 loss 0.6582 lr 9.81e-04 wd 0.054 std 1.020 effrank 296.9 varratio 0.301
step 4050 loss 0.6265 lr 9.80e-04 wd 0.054 std 1.017 effrank 308.9 varratio 0.302
step 4100 loss 0.6626 lr 9.80e-04 wd 0.055 std 1.022 effrank 325.7 varratio 0.259
step 4150 loss 0.6871 lr 9.79e-04 wd 0.055 std 1.019 effrank 310.2 varratio 0.264
step 4200 loss 0.7139 lr 9.78e-04 wd 0.056 std 1.023 effrank 320.4 varratio 0.247
step 4250 loss 0.7433 lr 9.77e-04 wd 0.056 std 1.021 effrank 303.9 varratio 0.252
step 4300 loss 0.6890 lr 9.77e-04 wd 0.056 std 1.019 effrank 323.5 varratio 0.256
step 4350 loss 0.7096 lr 9.76e-04 wd 0.057 std 1.020 effrank 314.7 varratio 0.240
step 4400 loss 0.7052 lr 9.75e-04 wd 0.057 std 1.021 effrank 318.1 varratio 0.249
step 4450 loss 0.6900 lr 9.74e-04 wd 0.057 std 1.020 effrank 307.5 varratio 0.262
step 4500 loss 0.7349 lr 9.73e-04 wd 0.058 std 1.020 effrank 311.7 varratio 0.230
step 4550 loss 0.7809 lr 9.72e-04 wd 0.058 std 1.019 effrank 319.9 varratio 0.227
step 4600 loss 0.7522 lr 9.72e-04 wd 0.059 std 1.018 effrank 271.7 varratio 0.238
step 4650 loss 0.7861 lr 9.71e-04 wd 0.059 std 1.018 effrank 281.9 varratio 0.213
step 4700 loss 0.7948 lr 9.70e-04 wd 0.059 std 1.021 effrank 310.7 varratio 0.171
step 4750 loss 0.7864 lr 9.69e-04 wd 0.060 std 1.017 effrank 268.8 varratio 0.236
step 4800 loss 0.7953 lr 9.68e-04 wd 0.060 std 1.019 effrank 296.1 varratio 0.185
step 4850 loss 0.8456 lr 9.67e-04 wd 0.061 std 0.992 effrank 229.7 varratio 0.190
step 4900 loss 0.8770 lr 9.66e-04 wd 0.061 std 1.003 effrank 258.6 varratio 0.161
step 4950 loss 0.7961 lr 9.65e-04 wd 0.061 std 1.010 effrank 251.5 varratio 0.216
step 5000 loss 0.9366 lr 9.64e-04 wd 0.062 std 0.996 effrank 208.6 varratio 0.176
step 5050 loss 0.9082 lr 9.63e-04 wd 0.062 std 1.013 effrank 238.9 varratio 0.148
step 5100 loss 0.8262 lr 9.62e-04 wd 0.063 std 1.010 effrank 257.5 varratio 0.173
step 5150 loss 0.8878 lr 9.61e-04 wd 0.063 std 1.004 effrank 236.3 varratio 0.173
step 5200 loss 0.9105 lr 9.60e-04 wd 0.064 std 1.003 effrank 240.0 varratio 0.147
step 5250 loss 0.9184 lr 9.59e-04 wd 0.064 std 0.999 effrank 240.0 varratio 0.145
step 5300 loss 0.9272 lr 9.58e-04 wd 0.065 std 1.004 effrank 213.8 varratio 0.189
step 5350 loss 0.9282 lr 9.57e-04 wd 0.065 std 1.007 effrank 213.2 varratio 0.146
step 5400 loss 0.8995 lr 9.56e-04 wd 0.065 std 1.007 effrank 223.2 varratio 0.143
step 5450 loss 1.0226 lr 9.55e-04 wd 0.066 std 0.972 effrank 186.3 varratio 0.158
step 5500 loss 1.0105 lr 9.54e-04 wd 0.066 std 0.985 effrank 174.7 varratio 0.151
step 5550 loss 0.9469 lr 9.53e-04 wd 0.067 std 0.994 effrank 187.8 varratio 0.148
step 5600 loss 0.9389 lr 9.52e-04 wd 0.067 std 0.993 effrank 189.7 varratio 0.152
step 5650 loss 1.0097 lr 9.51e-04 wd 0.068 std 0.972 effrank 154.2 varratio 0.137
step 5700 loss 1.0041 lr 9.50e-04 wd 0.068 std 0.975 effrank 163.3 varratio 0.129
step 5750 loss 0.9966 lr 9.48e-04 wd 0.069 std 0.984 effrank 163.6 varratio 0.131
step 5800 loss 0.9551 lr 9.47e-04 wd 0.069 std 0.982 effrank 175.5 varratio 0.149
step 5850 loss 1.0021 lr 9.46e-04 wd 0.070 std 0.985 effrank 163.3 varratio 0.134
step 5900 loss 0.9895 lr 9.45e-04 wd 0.070 std 0.980 effrank 160.5 varratio 0.130
step 5950 loss 0.9995 lr 9.44e-04 wd 0.071 std 0.973 effrank 155.5 varratio 0.136
step 6000 loss 0.9807 lr 9.43e-04 wd 0.071 std 0.978 effrank 157.5 varratio 0.135
step 6050 loss 0.9712 lr 9.41e-04 wd 0.072 std 0.978 effrank 164.4 varratio 0.148
step 6100 loss 0.9701 lr 9.40e-04 wd 0.072 std 0.971 effrank 156.3 varratio 0.146
step 6150 loss 0.9770 lr 9.39e-04 wd 0.073 std 0.970 effrank 152.4 varratio 0.148
step 6200 loss 1.0067 lr 9.38e-04 wd 0.073 std 0.965 effrank 145.3 varratio 0.129
step 6250 loss 1.0429 lr 9.36e-04 wd 0.074 std 0.933 effrank 121.1 varratio 0.149
step 6300 loss 1.0039 lr 9.35e-04 wd 0.074 std 0.954 effrank 140.5 varratio 0.135
step 6350 loss 1.0838 lr 9.34e-04 wd 0.075 std 0.874 effrank 109.5 varratio 0.134
step 6400 loss 1.0817 lr 9.32e-04 wd 0.075 std 0.895 effrank 115.6 varratio 0.136
step 6450 loss 1.1124 lr 9.31e-04 wd 0.076 std 0.914 effrank 111.7 varratio 0.109
step 6500 loss 1.0777 lr 9.30e-04 wd 0.077 std 0.878 effrank 102.5 varratio 0.158
step 6550 loss 1.0771 lr 9.28e-04 wd 0.077 std 0.847 effrank 91.1 varratio 0.171
step 6600 loss 1.0725 lr 9.27e-04 wd 0.078 std 0.895 effrank 105.7 varratio 0.137
step 6650 loss 1.1151 lr 9.26e-04 wd 0.078 std 0.905 effrank 91.3 varratio 0.141
step 6700 loss 1.1389 lr 9.24e-04 wd 0.079 std 0.901 effrank 98.1 varratio 0.111
step 6750 loss 1.2051 lr 9.23e-04 wd 0.079 std 0.765 effrank 61.5 varratio 0.191
step 6800 loss 1.1977 lr 9.22e-04 wd 0.080 std 0.770 effrank 62.0 varratio 0.132
step 6850 loss 1.1697 lr 9.20e-04 wd 0.080 std 0.804 effrank 81.0 varratio 0.113
step 6900 loss 1.1781 lr 9.19e-04 wd 0.081 std 0.810 effrank 71.9 varratio 0.160
step 6950 loss 1.1288 lr 9.17e-04 wd 0.082 std 0.867 effrank 86.6 varratio 0.108
step 7000 loss 1.1473 lr 9.16e-04 wd 0.082 std 0.828 effrank 77.9 varratio 0.128
step 7050 loss 1.1311 lr 9.14e-04 wd 0.083 std 0.857 effrank 78.1 varratio 0.119
step 7100 loss 1.1482 lr 9.13e-04 wd 0.083 std 0.863 effrank 73.9 varratio 0.158
step 7150 loss 1.0810 lr 9.12e-04 wd 0.084 std 0.815 effrank 65.9 varratio 0.222
step 7200 loss 1.0982 lr 9.10e-04 wd 0.084 std 0.887 effrank 89.2 varratio 0.122
step 7250 loss 1.0915 lr 9.09e-04 wd 0.085 std 0.883 effrank 89.6 varratio 0.154
step 7300 loss 1.0583 lr 9.07e-04 wd 0.086 std 0.891 effrank 86.8 varratio 0.140
step 7350 loss 1.0950 lr 9.06e-04 wd 0.086 std 0.906 effrank 92.4 varratio 0.119
step 7400 loss 1.1008 lr 9.04e-04 wd 0.087 std 0.902 effrank 94.8 varratio 0.110
step 7450 loss 1.0063 lr 9.02e-04 wd 0.087 std 0.935 effrank 105.8 varratio 0.126
step 7500 loss 1.0393 lr 9.01e-04 wd 0.088 std 0.866 effrank 82.7 varratio 0.161
step 7550 loss 1.0972 lr 8.99e-04 wd 0.089 std 0.896 effrank 89.3 varratio 0.137
step 7600 loss 1.1365 lr 8.98e-04 wd 0.089 std 0.894 effrank 89.8 varratio 0.084
step 7650 loss 1.1353 lr 8.96e-04 wd 0.090 std 0.846 effrank 79.5 varratio 0.120
step 7700 loss 1.1246 lr 8.95e-04 wd 0.091 std 0.815 effrank 66.3 varratio 0.157
step 7750 loss 1.1497 lr 8.93e-04 wd 0.091 std 0.807 effrank 78.7 varratio 0.084
step 7800 loss 1.1804 lr 8.91e-04 wd 0.092 std 0.769 effrank 69.1 varratio 0.095
step 7850 loss 1.1511 lr 8.90e-04 wd 0.092 std 0.804 effrank 76.6 varratio 0.086
step 7900 loss 1.1558 lr 8.88e-04 wd 0.093 std 0.835 effrank 73.3 varratio 0.087
step 7950 loss 1.1683 lr 8.86e-04 wd 0.094 std 0.793 effrank 73.8 varratio 0.092
step 8000 loss 1.2016 lr 8.85e-04 wd 0.094 std 0.838 effrank 73.5 varratio 0.082
step 8050 loss 1.1548 lr 8.83e-04 wd 0.095 std 0.835 effrank 80.1 varratio 0.075
step 8100 loss 1.1766 lr 8.81e-04 wd 0.096 std 0.775 effrank 60.5 varratio 0.119
step 8150 loss 1.1614 lr 8.80e-04 wd 0.096 std 0.812 effrank 77.6 varratio 0.080
step 8200 loss 1.2048 lr 8.78e-04 wd 0.097 std 0.747 effrank 60.5 varratio 0.089
step 8250 loss 1.1400 lr 8.76e-04 wd 0.098 std 0.821 effrank 80.9 varratio 0.074
step 8300 loss 1.2583 lr 8.75e-04 wd 0.098 std 0.817 effrank 64.0 varratio 0.083
step 8350 loss 1.0926 lr 8.73e-04 wd 0.099 std 0.778 effrank 68.6 varratio 0.135
step 8400 loss 1.1521 lr 8.71e-04 wd 0.100 std 0.764 effrank 60.9 varratio 0.161
step 8450 loss 1.1814 lr 8.69e-04 wd 0.100 std 0.830 effrank 69.7 varratio 0.083
step 8500 loss 1.1485 lr 8.68e-04 wd 0.101 std 0.772 effrank 58.7 varratio 0.082
step 8550 loss 1.1125 lr 8.66e-04 wd 0.102 std 0.825 effrank 72.7 varratio 0.097
step 8600 loss 1.1221 lr 8.64e-04 wd 0.102 std 0.829 effrank 69.6 varratio 0.093
step 8650 loss 1.1767 lr 8.62e-04 wd 0.103 std 0.807 effrank 62.8 varratio 0.076
step 8700 loss 1.0994 lr 8.61e-04 wd 0.104 std 0.838 effrank 71.0 varratio 0.069
step 8750 loss 1.2282 lr 8.59e-04 wd 0.104 std 0.765 effrank 47.4 varratio 0.121
step 8800 loss 1.2914 lr 8.57e-04 wd 0.105 std 0.751 effrank 47.8 varratio 0.084
step 8850 loss 1.2011 lr 8.55e-04 wd 0.106 std 0.746 effrank 56.6 varratio 0.069
step 8900 loss 1.1732 lr 8.53e-04 wd 0.106 std 0.750 effrank 58.7 varratio 0.061
step 8950 loss 1.3670 lr 8.51e-04 wd 0.107 std 0.666 effrank 30.6 varratio 0.113
step 9000 loss 1.4358 lr 8.50e-04 wd 0.108 std 0.300 effrank 14.4 varratio 0.056
step 9050 loss 1.3346 lr 8.48e-04 wd 0.108 std 0.463 effrank 20.8 varratio 0.092
step 9100 loss 1.3770 lr 8.46e-04 wd 0.109 std 0.372 effrank 17.8 varratio 0.063
step 9150 loss 1.2545 lr 8.44e-04 wd 0.110 std 0.536 effrank 29.8 varratio 0.104
step 9200 loss 1.2940 lr 8.42e-04 wd 0.111 std 0.584 effrank 28.8 varratio 0.073
step 9250 loss 1.2357 lr 8.40e-04 wd 0.111 std 0.605 effrank 35.0 varratio 0.072
step 9300 loss 1.1606 lr 8.38e-04 wd 0.112 std 0.677 effrank 40.6 varratio 0.127
step 9350 loss 1.1558 lr 8.36e-04 wd 0.113 std 0.550 effrank 32.0 varratio 0.095
step 9400 loss 1.1628 lr 8.34e-04 wd 0.113 std 0.593 effrank 34.0 varratio 0.114
step 9450 loss 1.1296 lr 8.32e-04 wd 0.114 std 0.644 effrank 39.7 varratio 0.094
step 9500 loss 1.0456 lr 8.30e-04 wd 0.115 std 0.685 effrank 45.1 varratio 0.153
step 9550 loss 1.1303 lr 8.28e-04 wd 0.116 std 0.743 effrank 53.2 varratio 0.091
step 9600 loss 0.9947 lr 8.27e-04 wd 0.116 std 0.727 effrank 50.8 varratio 0.116
step 9650 loss 1.0741 lr 8.25e-04 wd 0.117 std 0.776 effrank 57.4 varratio 0.124
step 9700 loss 0.9377 lr 8.23e-04 wd 0.118 std 0.799 effrank 55.8 varratio 0.083
step 9750 loss 1.0248 lr 8.21e-04 wd 0.119 std 0.802 effrank 64.5 varratio 0.128
step 9800 loss 0.9730 lr 8.19e-04 wd 0.119 std 0.795 effrank 66.2 varratio 0.074
step 9850 loss 0.9334 lr 8.17e-04 wd 0.120 std 0.711 effrank 49.8 varratio 0.186
step 9900 loss 1.0503 lr 8.15e-04 wd 0.121 std 0.779 effrank 57.7 varratio 0.133
step 9950 loss 0.9608 lr 8.13e-04 wd 0.122 std 0.745 effrank 46.6 varratio 0.134
step 10000 loss 0.9753 lr 8.10e-04 wd 0.122 std 0.809 effrank 61.7 varratio 0.108
step 10050 loss 0.9544 lr 8.08e-04 wd 0.123 std 0.755 effrank 54.1 varratio 0.176
step 10100 loss 0.9434 lr 8.06e-04 wd 0.124 std 0.711 effrank 46.8 varratio 0.188
step 10150 loss 0.9264 lr 8.04e-04 wd 0.125 std 0.740 effrank 54.6 varratio 0.201
step 10200 loss 0.9151 lr 8.02e-04 wd 0.125 std 0.790 effrank 67.3 varratio 0.113
step 10250 loss 1.0295 lr 8.00e-04 wd 0.126 std 0.842 effrank 69.5 varratio 0.099
step 10300 loss 1.0271 lr 7.98e-04 wd 0.127 std 0.809 effrank 59.3 varratio 0.103
step 10350 loss 0.9409 lr 7.96e-04 wd 0.128 std 0.806 effrank 70.9 varratio 0.072
step 10400 loss 0.9749 lr 7.94e-04 wd 0.128 std 0.793 effrank 52.9 varratio 0.143
step 10450 loss 0.9916 lr 7.92e-04 wd 0.129 std 0.833 effrank 70.9 varratio 0.110
step 10500 loss 0.9727 lr 7.90e-04 wd 0.130 std 0.831 effrank 68.3 varratio 0.094
step 10550 loss 1.0093 lr 7.88e-04 wd 0.131 std 0.852 effrank 73.1 varratio 0.055
step 10600 loss 0.9669 lr 7.85e-04 wd 0.132 std 0.815 effrank 72.6 varratio 0.092
step 10650 loss 0.9912 lr 7.83e-04 wd 0.132 std 0.822 effrank 66.9 varratio 0.103
step 10700 loss 0.9526 lr 7.81e-04 wd 0.133 std 0.813 effrank 69.7 varratio 0.111
step 10750 loss 0.8888 lr 7.79e-04 wd 0.134 std 0.814 effrank 63.4 varratio 0.105
step 10800 loss 1.0315 lr 7.77e-04 wd 0.135 std 0.842 effrank 70.1 varratio 0.093
step 10850 loss 1.0070 lr 7.75e-04 wd 0.135 std 0.856 effrank 73.0 varratio 0.113
step 10900 loss 0.9099 lr 7.72e-04 wd 0.136 std 0.834 effrank 67.3 varratio 0.147
step 10950 loss 1.0423 lr 7.70e-04 wd 0.137 std 0.828 effrank 63.6 varratio 0.067
step 11000 loss 0.9528 lr 7.68e-04 wd 0.138 std 0.788 effrank 63.4 varratio 0.131
step 11050 loss 0.9644 lr 7.66e-04 wd 0.139 std 0.826 effrank 70.9 varratio 0.077
step 11100 loss 0.9533 lr 7.64e-04 wd 0.139 std 0.778 effrank 64.4 varratio 0.095
step 11150 loss 0.9649 lr 7.61e-04 wd 0.140 std 0.839 effrank 74.3 varratio 0.061
step 11200 loss 0.9428 lr 7.59e-04 wd 0.141 std 0.780 effrank 57.3 varratio 0.119
step 11250 loss 0.9135 lr 7.57e-04 wd 0.142 std 0.804 effrank 60.4 varratio 0.117
step 11300 loss 1.0004 lr 7.55e-04 wd 0.143 std 0.854 effrank 73.3 varratio 0.085
step 11350 loss 1.0173 lr 7.53e-04 wd 0.144 std 0.875 effrank 73.6 varratio 0.105
step 11400 loss 0.8595 lr 7.50e-04 wd 0.144 std 0.806 effrank 70.5 varratio 0.142
step 11450 loss 0.9616 lr 7.48e-04 wd 0.145 std 0.852 effrank 77.8 varratio 0.104
step 11500 loss 0.8955 lr 7.46e-04 wd 0.146 std 0.863 effrank 76.4 varratio 0.120
step 11550 loss 1.0063 lr 7.43e-04 wd 0.147 std 0.827 effrank 58.1 varratio 0.233
step 11600 loss 0.8867 lr 7.41e-04 wd 0.148 std 0.852 effrank 67.0 varratio 0.139
step 11650 loss 0.9384 lr 7.39e-04 wd 0.148 std 0.857 effrank 83.0 varratio 0.099
step 11700 loss 0.9915 lr 7.37e-04 wd 0.149 std 0.857 effrank 72.9 varratio 0.114
step 11750 loss 0.9554 lr 7.34e-04 wd 0.150 std 0.853 effrank 76.8 varratio 0.091
step 11800 loss 0.8644 lr 7.32e-04 wd 0.151 std 0.853 effrank 80.7 varratio 0.120
step 11850 loss 0.9352 lr 7.30e-04 wd 0.152 std 0.876 effrank 78.5 varratio 0.109
step 11900 loss 0.9026 lr 7.27e-04 wd 0.153 std 0.822 effrank 67.4 varratio 0.134
step 11950 loss 0.9127 lr 7.25e-04 wd 0.153 std 0.812 effrank 65.2 varratio 0.112
step 12000 loss 0.9597 lr 7.23e-04 wd 0.154 std 0.845 effrank 64.8 varratio 0.092
step 12050 loss 1.0321 lr 7.20e-04 wd 0.155 std 0.842 effrank 72.6 varratio 0.059
step 12100 loss 0.9540 lr 7.18e-04 wd 0.156 std 0.811 effrank 69.6 varratio 0.085
step 12150 loss 1.0514 lr 7.16e-04 wd 0.157 std 0.867 effrank 74.2 varratio 0.065
step 12200 loss 0.9828 lr 7.13e-04 wd 0.158 std 0.859 effrank 75.7 varratio 0.122
step 12250 loss 0.9461 lr 7.11e-04 wd 0.158 std 0.864 effrank 72.9 varratio 0.117
step 12300 loss 0.9829 lr 7.09e-04 wd 0.159 std 0.889 effrank 82.9 varratio 0.066
step 12350 loss 1.0231 lr 7.06e-04 wd 0.160 std 0.806 effrank 65.6 varratio 0.065
step 12400 loss 1.0324 lr 7.04e-04 wd 0.161 std 0.853 effrank 74.3 varratio 0.053
step 12450 loss 1.0581 lr 7.02e-04 wd 0.162 std 0.796 effrank 64.8 varratio 0.037
step 12500 loss 0.9913 lr 6.99e-04 wd 0.163 std 0.839 effrank 71.3 varratio 0.096
step 12550 loss 0.9414 lr 6.97e-04 wd 0.164 std 0.798 effrank 67.1 varratio 0.086
step 12600 loss 0.9933 lr 6.94e-04 wd 0.164 std 0.907 effrank 87.6 varratio 0.077
step 12650 loss 0.9328 lr 6.92e-04 wd 0.165 std 0.838 effrank 70.9 varratio 0.115
step 12700 loss 0.9247 lr 6.90e-04 wd 0.166 std 0.868 effrank 78.0 varratio 0.085
step 12750 loss 0.9631 lr 6.87e-04 wd 0.167 std 0.847 effrank 68.6 varratio 0.076
step 12800 loss 0.9655 lr 6.85e-04 wd 0.168 std 0.849 effrank 75.6 varratio 0.075
step 12850 loss 0.9395 lr 6.82e-04 wd 0.169 std 0.832 effrank 75.3 varratio 0.088
step 12900 loss 0.9152 lr 6.80e-04 wd 0.170 std 0.851 effrank 69.2 varratio 0.071
step 12950 loss 0.9860 lr 6.77e-04 wd 0.170 std 0.862 effrank 72.4 varratio 0.116
step 13000 loss 1.0017 lr 6.75e-04 wd 0.171 std 0.828 effrank 71.7 varratio 0.078
step 13050 loss 1.0032 lr 6.73e-04 wd 0.172 std 0.838 effrank 74.8 varratio 0.077
step 13100 loss 0.9907 lr 6.70e-04 wd 0.173 std 0.819 effrank 73.0 varratio 0.056
step 13150 loss 1.0285 lr 6.68e-04 wd 0.174 std 0.862 effrank 77.6 varratio 0.047
step 13200 loss 0.9391 lr 6.65e-04 wd 0.175 std 0.842 effrank 68.2 varratio 0.070
step 13250 loss 1.0600 lr 6.63e-04 wd 0.176 std 0.831 effrank 70.3 varratio 0.042
step 13300 loss 1.0024 lr 6.60e-04 wd 0.176 std 0.807 effrank 67.4 varratio 0.101
step 13350 loss 1.0508 lr 6.58e-04 wd 0.177 std 0.882 effrank 77.1 varratio 0.048
step 13400 loss 0.9671 lr 6.55e-04 wd 0.178 std 0.795 effrank 56.6 varratio 0.078
step 13450 loss 0.9491 lr 6.53e-04 wd 0.179 std 0.834 effrank 64.4 varratio 0.097
step 13500 loss 1.0125 lr 6.50e-04 wd 0.180 std 0.882 effrank 78.7 varratio 0.064
step 13550 loss 0.9506 lr 6.48e-04 wd 0.181 std 0.903 effrank 89.9 varratio 0.083
step 13600 loss 1.0009 lr 6.45e-04 wd 0.182 std 0.902 effrank 83.8 varratio 0.074
step 13650 loss 1.0430 lr 6.43e-04 wd 0.183 std 0.871 effrank 76.1 varratio 0.047
step 13700 loss 1.0640 lr 6.40e-04 wd 0.183 std 0.821 effrank 66.0 varratio 0.055
step 13750 loss 0.9827 lr 6.38e-04 wd 0.184 std 0.818 effrank 59.5 varratio 0.106
step 13800 loss 0.9690 lr 6.35e-04 wd 0.185 std 0.828 effrank 68.4 varratio 0.087
step 13850 loss 1.0021 lr 6.33e-04 wd 0.186 std 0.850 effrank 73.6 varratio 0.098
step 13900 loss 0.9770 lr 6.30e-04 wd 0.187 std 0.847 effrank 71.7 varratio 0.070
step 13950 loss 0.9821 lr 6.28e-04 wd 0.188 std 0.841 effrank 70.7 varratio 0.078
step 14000 loss 1.0118 lr 6.25e-04 wd 0.189 std 0.879 effrank 80.7 varratio 0.066
step 14050 loss 0.9725 lr 6.23e-04 wd 0.190 std 0.869 effrank 71.3 varratio 0.110
step 14100 loss 1.1155 lr 6.20e-04 wd 0.191 std 0.791 effrank 58.6 varratio 0.067
step 14150 loss 1.0680 lr 6.18e-04 wd 0.191 std 0.780 effrank 57.0 varratio 0.090
step 14200 loss 1.0414 lr 6.15e-04 wd 0.192 std 0.810 effrank 60.2 varratio 0.086
step 14250 loss 1.1006 lr 6.13e-04 wd 0.193 std 0.840 effrank 69.6 varratio 0.046
step 14300 loss 0.9610 lr 6.10e-04 wd 0.194 std 0.844 effrank 75.2 varratio 0.099
step 14350 loss 1.0233 lr 6.08e-04 wd 0.195 std 0.817 effrank 62.8 varratio 0.083
step 14400 loss 1.0455 lr 6.05e-04 wd 0.196 std 0.822 effrank 61.4 varratio 0.056
step 14450 loss 0.9792 lr 6.03e-04 wd 0.197 std 0.846 effrank 70.9 varratio 0.123
step 14500 loss 1.0758 lr 6.00e-04 wd 0.198 std 0.849 effrank 72.1 varratio 0.063
step 14550 loss 1.0501 lr 5.97e-04 wd 0.199 std 0.829 effrank 63.1 varratio 0.071
step 14600 loss 1.1203 lr 5.95e-04 wd 0.199 std 0.759 effrank 55.3 varratio 0.055
step 14650 loss 1.1003 lr 5.92e-04 wd 0.200 std 0.781 effrank 58.7 varratio 0.049
step 14700 loss 1.0598 lr 5.90e-04 wd 0.201 std 0.731 effrank 46.7 varratio 0.074
step 14750 loss 1.0562 lr 5.87e-04 wd 0.202 std 0.776 effrank 52.9 varratio 0.081
step 14800 loss 1.1022 lr 5.85e-04 wd 0.203 std 0.835 effrank 65.4 varratio 0.052
step 14850 loss 1.0478 lr 5.82e-04 wd 0.204 std 0.830 effrank 66.1 varratio 0.074
step 14900 loss 0.9962 lr 5.80e-04 wd 0.205 std 0.789 effrank 61.2 varratio 0.081
step 14950 loss 1.0430 lr 5.77e-04 wd 0.206 std 0.828 effrank 57.7 varratio 0.048
step 15000 loss 1.0315 lr 5.74e-04 wd 0.207 std 0.862 effrank 72.5 varratio 0.080
step 15050 loss 1.0266 lr 5.72e-04 wd 0.207 std 0.863 effrank 70.0 varratio 0.072
step 15100 loss 1.0640 lr 5.69e-04 wd 0.208 std 0.883 effrank 81.5 varratio 0.052
step 15150 loss 1.0218 lr 5.67e-04 wd 0.209 std 0.863 effrank 73.2 varratio 0.088
step 15200 loss 1.0032 lr 5.64e-04 wd 0.210 std 0.869 effrank 69.7 varratio 0.104
step 15250 loss 1.0255 lr 5.62e-04 wd 0.211 std 0.850 effrank 73.3 varratio 0.084
step 15300 loss 1.0166 lr 5.59e-04 wd 0.212 std 0.857 effrank 78.0 varratio 0.087
step 15350 loss 0.9572 lr 5.56e-04 wd 0.213 std 0.791 effrank 58.3 varratio 0.101
step 15400 loss 1.0092 lr 5.54e-04 wd 0.214 std 0.872 effrank 74.8 varratio 0.068
step 15450 loss 1.0314 lr 5.51e-04 wd 0.215 std 0.829 effrank 63.4 varratio 0.071
step 15500 loss 1.0689 lr 5.49e-04 wd 0.216 std 0.866 effrank 72.8 varratio 0.083
step 15550 loss 1.0012 lr 5.46e-04 wd 0.216 std 0.855 effrank 68.0 varratio 0.085
step 15600 loss 1.0538 lr 5.43e-04 wd 0.217 std 0.855 effrank 68.2 varratio 0.054
step 15650 loss 1.0426 lr 5.41e-04 wd 0.218 std 0.848 effrank 70.5 varratio 0.069
step 15700 loss 0.9802 lr 5.38e-04 wd 0.219 std 0.832 effrank 69.3 varratio 0.074
step 15750 loss 0.9784 lr 5.36e-04 wd 0.220 std 0.795 effrank 58.8 varratio 0.097
step 15800 loss 1.0586 lr 5.33e-04 wd 0.221 std 0.885 effrank 79.9 varratio 0.050
step 15850 loss 0.9955 lr 5.30e-04 wd 0.222 std 0.890 effrank 75.0 varratio 0.074
step 15900 loss 1.0189 lr 5.28e-04 wd 0.223 std 0.792 effrank 63.9 varratio 0.085
step 15950 loss 1.0453 lr 5.25e-04 wd 0.224 std 0.869 effrank 76.2 varratio 0.045
step 16000 loss 1.0222 lr 5.23e-04 wd 0.224 std 0.879 effrank 80.7 varratio 0.058
step 16050 loss 1.0519 lr 5.20e-04 wd 0.225 std 0.883 effrank 77.2 varratio 0.080
step 16100 loss 1.0277 lr 5.17e-04 wd 0.226 std 0.884 effrank 74.5 varratio 0.055
step 16150 loss 1.0311 lr 5.15e-04 wd 0.227 std 0.874 effrank 78.2 varratio 0.066
step 16200 loss 1.0571 lr 5.12e-04 wd 0.228 std 0.906 effrank 80.8 varratio 0.044
step 16250 loss 0.9850 lr 5.10e-04 wd 0.229 std 0.857 effrank 73.4 varratio 0.077
step 16300 loss 1.0267 lr 5.07e-04 wd 0.230 std 0.845 effrank 67.3 varratio 0.060
step 16350 loss 1.0112 lr 5.04e-04 wd 0.231 std 0.878 effrank 62.8 varratio 0.054
step 16400 loss 1.0317 lr 5.02e-04 wd 0.232 std 0.901 effrank 80.7 varratio 0.068
step 16450 loss 0.9882 lr 4.99e-04 wd 0.233 std 0.885 effrank 79.0 varratio 0.068
step 16500 loss 1.0126 lr 4.97e-04 wd 0.233 std 0.913 effrank 85.3 varratio 0.048
step 16550 loss 0.9817 lr 4.94e-04 wd 0.234 std 0.907 effrank 83.8 varratio 0.081
step 16600 loss 1.0263 lr 4.91e-04 wd 0.235 std 0.876 effrank 79.3 varratio 0.097
step 16650 loss 0.9849 lr 4.89e-04 wd 0.236 std 0.906 effrank 85.6 varratio 0.040
step 16700 loss 0.9835 lr 4.86e-04 wd 0.237 std 0.891 effrank 70.0 varratio 0.044
step 16750 loss 1.0250 lr 4.84e-04 wd 0.238 std 0.894 effrank 83.1 varratio 0.082
step 16800 loss 0.9815 lr 4.81e-04 wd 0.239 std 0.914 effrank 92.4 varratio 0.047
step 16850 loss 1.0176 lr 4.78e-04 wd 0.240 std 0.922 effrank 88.9 varratio 0.063
step 16900 loss 0.9472 lr 4.76e-04 wd 0.241 std 0.895 effrank 84.8 varratio 0.103
step 16950 loss 1.0293 lr 4.73e-04 wd 0.241 std 0.924 effrank 89.1 varratio 0.059
step 17000 loss 1.0207 lr 4.71e-04 wd 0.242 std 0.900 effrank 81.7 varratio 0.072
step 17050 loss 0.9949 lr 4.68e-04 wd 0.243 std 0.890 effrank 73.6 varratio 0.077
step 17100 loss 1.0488 lr 4.65e-04 wd 0.244 std 0.913 effrank 84.3 varratio 0.044
step 17150 loss 1.0416 lr 4.63e-04 wd 0.245 std 0.897 effrank 77.7 varratio 0.078
step 17200 loss 0.9867 lr 4.60e-04 wd 0.246 std 0.867 effrank 72.7 varratio 0.069
step 17250 loss 1.0365 lr 4.58e-04 wd 0.247 std 0.857 effrank 83.0 varratio 0.067
step 17300 loss 1.0426 lr 4.55e-04 wd 0.248 std 0.874 effrank 75.3 varratio 0.054
step 17350 loss 1.0665 lr 4.52e-04 wd 0.249 std 0.876 effrank 80.7 varratio 0.069
step 17400 loss 1.0273 lr 4.50e-04 wd 0.249 std 0.901 effrank 82.4 varratio 0.070
step 17450 loss 1.0877 lr 4.47e-04 wd 0.250 std 0.830 effrank 78.2 varratio 0.051
step 17500 loss 1.0873 lr 4.45e-04 wd 0.251 std 0.849 effrank 73.3 varratio 0.071
step 17550 loss 1.0633 lr 4.42e-04 wd 0.252 std 0.852 effrank 73.0 varratio 0.074
step 17600 loss 1.0764 lr 4.39e-04 wd 0.253 std 0.853 effrank 71.8 varratio 0.068
step 17650 loss 1.0497 lr 4.37e-04 wd 0.254 std 0.877 effrank 77.3 varratio 0.077
step 17700 loss 1.0990 lr 4.34e-04 wd 0.255 std 0.876 effrank 74.3 varratio 0.056
step 17750 loss 1.0343 lr 4.32e-04 wd 0.256 std 0.858 effrank 72.7 varratio 0.086
step 17800 loss 1.1237 lr 4.29e-04 wd 0.257 std 0.842 effrank 70.5 varratio 0.043
step 17850 loss 1.0297 lr 4.27e-04 wd 0.257 std 0.850 effrank 67.8 varratio 0.101
step 17900 loss 1.0673 lr 4.24e-04 wd 0.258 std 0.872 effrank 76.1 varratio 0.070
step 17950 loss 1.0377 lr 4.21e-04 wd 0.259 std 0.838 effrank 65.2 varratio 0.075
step 18000 loss 1.1398 lr 4.19e-04 wd 0.260 std 0.880 effrank 73.4 varratio 0.040
step 18050 loss 1.0071 lr 4.16e-04 wd 0.261 std 0.885 effrank 77.6 varratio 0.113
step 18100 loss 1.0967 lr 4.14e-04 wd 0.262 std 0.892 effrank 79.4 varratio 0.057
step 18150 loss 1.0665 lr 4.11e-04 wd 0.263 std 0.901 effrank 77.8 varratio 0.065
step 18200 loss 1.0485 lr 4.09e-04 wd 0.264 std 0.894 effrank 80.8 varratio 0.078
step 18250 loss 1.0545 lr 4.06e-04 wd 0.264 std 0.839 effrank 58.3 varratio 0.078
step 18300 loss 1.0575 lr 4.04e-04 wd 0.265 std 0.906 effrank 82.3 varratio 0.058
step 18350 loss 1.0276 lr 4.01e-04 wd 0.266 std 0.879 effrank 71.8 varratio 0.070
step 18400 loss 1.0618 lr 3.98e-04 wd 0.267 std 0.926 effrank 85.1 varratio 0.061
step 18450 loss 1.0434 lr 3.96e-04 wd 0.268 std 0.919 effrank 82.2 varratio 0.051
step 18500 loss 1.0491 lr 3.93e-04 wd 0.269 std 0.907 effrank 77.8 varratio 0.073
step 18550 loss 1.0662 lr 3.91e-04 wd 0.270 std 0.912 effrank 85.7 varratio 0.052
step 18600 loss 1.0367 lr 3.88e-04 wd 0.270 std 0.887 effrank 79.1 varratio 0.080
step 18650 loss 0.9930 lr 3.86e-04 wd 0.271 std 0.912 effrank 80.1 varratio 0.074
step 18700 loss 0.9659 lr 3.83e-04 wd 0.272 std 0.892 effrank 74.3 varratio 0.086
step 18750 loss 1.0010 lr 3.81e-04 wd 0.273 std 0.887 effrank 76.9 varratio 0.103
step 18800 loss 1.0646 lr 3.78e-04 wd 0.274 std 0.924 effrank 91.6 varratio 0.065
step 18850 loss 0.9828 lr 3.76e-04 wd 0.275 std 0.921 effrank 92.8 varratio 0.076
step 18900 loss 0.9989 lr 3.73e-04 wd 0.276 std 0.927 effrank 90.6 varratio 0.095
step 18950 loss 1.0188 lr 3.71e-04 wd 0.276 std 0.923 effrank 86.3 varratio 0.050
step 19000 loss 0.9838 lr 3.68e-04 wd 0.277 std 0.909 effrank 85.0 varratio 0.082
step 19050 loss 1.0536 lr 3.66e-04 wd 0.278 std 0.910 effrank 82.8 varratio 0.084
step 19100 loss 1.0757 lr 3.63e-04 wd 0.279 std 0.938 effrank 96.0 varratio 0.034
step 19150 loss 0.9796 lr 3.61e-04 wd 0.280 std 0.929 effrank 88.8 varratio 0.078
step 19200 loss 0.9688 lr 3.58e-04 wd 0.281 std 0.899 effrank 85.3 varratio 0.095
step 19250 loss 0.9594 lr 3.56e-04 wd 0.282 std 0.909 effrank 85.5 varratio 0.077
step 19300 loss 1.0808 lr 3.53e-04 wd 0.282 std 0.922 effrank 89.9 varratio 0.062
step 19350 loss 1.0264 lr 3.51e-04 wd 0.283 std 0.934 effrank 97.7 varratio 0.046
step 19400 loss 1.0461 lr 3.48e-04 wd 0.284 std 0.919 effrank 91.7 varratio 0.072
step 19450 loss 1.0021 lr 3.46e-04 wd 0.285 std 0.925 effrank 88.5 varratio 0.067
step 19500 loss 1.0197 lr 3.43e-04 wd 0.286 std 0.930 effrank 89.0 varratio 0.045
step 19550 loss 1.0529 lr 3.41e-04 wd 0.287 std 0.935 effrank 93.2 varratio 0.065
step 19600 loss 1.0461 lr 3.38e-04 wd 0.287 std 0.928 effrank 89.9 varratio 0.048
step 19650 loss 1.0455 lr 3.36e-04 wd 0.288 std 0.921 effrank 89.6 varratio 0.053
step 19700 loss 1.0642 lr 3.33e-04 wd 0.289 std 0.915 effrank 89.9 varratio 0.037
step 19750 loss 1.0317 lr 3.31e-04 wd 0.290 std 0.894 effrank 82.3 varratio 0.056
step 19800 loss 1.0505 lr 3.28e-04 wd 0.291 std 0.927 effrank 91.1 varratio 0.060
step 19850 loss 1.0463 lr 3.26e-04 wd 0.292 std 0.922 effrank 90.6 varratio 0.067
step 19900 loss 1.0620 lr 3.24e-04 wd 0.292 std 0.919 effrank 92.2 varratio 0.053
step 19950 loss 1.0635 lr 3.21e-04 wd 0.293 std 0.936 effrank 90.2 varratio 0.042
step 20000 loss 1.0203 lr 3.19e-04 wd 0.294 std 0.892 effrank 84.1 varratio 0.071
step 20050 loss 0.9544 lr 3.16e-04 wd 0.295 std 0.905 effrank 84.6 varratio 0.095
step 20100 loss 1.0008 lr 3.14e-04 wd 0.296 std 0.918 effrank 89.2 varratio 0.071
step 20150 loss 1.0374 lr 3.11e-04 wd 0.296 std 0.944 effrank 99.6 varratio 0.047
step 20200 loss 0.9925 lr 3.09e-04 wd 0.297 std 0.906 effrank 85.0 varratio 0.103
step 20250 loss 1.0726 lr 3.07e-04 wd 0.298 std 0.897 effrank 80.0 varratio 0.073
step 20300 loss 1.1137 lr 3.04e-04 wd 0.299 std 0.933 effrank 93.5 varratio 0.033
step 20350 loss 1.0246 lr 3.02e-04 wd 0.300 std 0.906 effrank 83.7 varratio 0.091
step 20400 loss 1.0175 lr 2.99e-04 wd 0.301 std 0.924 effrank 91.1 varratio 0.073
step 20450 loss 0.9686 lr 2.97e-04 wd 0.301 std 0.914 effrank 87.1 varratio 0.093
step 20500 loss 0.9994 lr 2.95e-04 wd 0.302 std 0.941 effrank 97.8 varratio 0.075
step 20550 loss 0.9859 lr 2.92e-04 wd 0.303 std 0.954 effrank 101.3 varratio 0.077
step 20600 loss 0.9867 lr 2.90e-04 wd 0.304 std 0.937 effrank 92.9 varratio 0.065
step 20650 loss 0.9875 lr 2.88e-04 wd 0.305 std 0.904 effrank 92.7 varratio 0.090
step 20700 loss 0.9630 lr 2.85e-04 wd 0.305 std 0.941 effrank 94.7 varratio 0.065
step 20750 loss 0.9730 lr 2.83e-04 wd 0.306 std 0.935 effrank 94.4 varratio 0.091
step 20800 loss 1.0635 lr 2.81e-04 wd 0.307 std 0.940 effrank 97.6 varratio 0.054
step 20850 loss 1.0182 lr 2.78e-04 wd 0.308 std 0.917 effrank 88.5 varratio 0.084
step 20900 loss 1.0227 lr 2.76e-04 wd 0.308 std 0.950 effrank 101.5 varratio 0.066
step 20950 loss 1.0187 lr 2.74e-04 wd 0.309 std 0.932 effrank 93.1 varratio 0.079
step 21000 loss 1.0083 lr 2.71e-04 wd 0.310 std 0.938 effrank 101.3 varratio 0.078
step 21050 loss 0.9941 lr 2.69e-04 wd 0.311 std 0.942 effrank 95.3 varratio 0.060
step 21100 loss 1.0138 lr 2.67e-04 wd 0.312 std 0.943 effrank 100.3 varratio 0.063
step 21150 loss 0.9996 lr 2.64e-04 wd 0.312 std 0.941 effrank 100.2 varratio 0.085
step 21200 loss 1.0050 lr 2.62e-04 wd 0.313 std 0.932 effrank 90.4 varratio 0.084
step 21250 loss 0.9773 lr 2.60e-04 wd 0.314 std 0.936 effrank 97.7 varratio 0.076
step 21300 loss 1.0154 lr 2.58e-04 wd 0.315 std 0.938 effrank 99.4 varratio 0.073
step 21350 loss 1.0421 lr 2.55e-04 wd 0.315 std 0.947 effrank 99.9 varratio 0.065
step 21400 loss 1.0596 lr 2.53e-04 wd 0.316 std 0.945 effrank 105.7 varratio 0.044
step 21450 loss 1.0004 lr 2.51e-04 wd 0.317 std 0.944 effrank 97.2 varratio 0.098
step 21500 loss 0.9847 lr 2.48e-04 wd 0.318 std 0.958 effrank 103.5 varratio 0.091
step 21550 loss 1.0208 lr 2.46e-04 wd 0.318 std 0.948 effrank 105.9 varratio 0.063
step 21600 loss 1.0205 lr 2.44e-04 wd 0.319 std 0.958 effrank 109.3 varratio 0.049
step 21650 loss 1.0577 lr 2.42e-04 wd 0.320 std 0.959 effrank 109.6 varratio 0.027
step 21700 loss 0.9991 lr 2.40e-04 wd 0.321 std 0.947 effrank 100.3 varratio 0.100
step 21750 loss 0.9890 lr 2.37e-04 wd 0.321 std 0.917 effrank 83.2 varratio 0.098
step 21800 loss 1.0371 lr 2.35e-04 wd 0.322 std 0.966 effrank 109.6 varratio 0.039
step 21850 loss 1.0546 lr 2.33e-04 wd 0.323 std 0.963 effrank 112.6 varratio 0.042
step 21900 loss 0.9895 lr 2.31e-04 wd 0.324 std 0.950 effrank 101.3 varratio 0.089
step 21950 loss 0.9842 lr 2.29e-04 wd 0.324 std 0.950 effrank 93.5 varratio 0.078
step 22000 loss 1.0441 lr 2.26e-04 wd 0.325 std 0.971 effrank 108.1 varratio 0.055
step 22050 loss 1.0155 lr 2.24e-04 wd 0.326 std 0.954 effrank 104.2 varratio 0.066
step 22100 loss 1.0261 lr 2.22e-04 wd 0.327 std 0.966 effrank 107.7 varratio 0.074
step 22150 loss 1.0117 lr 2.20e-04 wd 0.327 std 0.973 effrank 116.5 varratio 0.047
step 22200 loss 0.9946 lr 2.18e-04 wd 0.328 std 0.953 effrank 97.9 varratio 0.075
step 22250 loss 0.9732 lr 2.16e-04 wd 0.329 std 0.952 effrank 109.7 varratio 0.108
step 22300 loss 0.9791 lr 2.13e-04 wd 0.329 std 0.958 effrank 107.6 varratio 0.073
step 22350 loss 0.9733 lr 2.11e-04 wd 0.330 std 0.934 effrank 101.7 varratio 0.108
step 22400 loss 0.9761 lr 2.09e-04 wd 0.331 std 0.962 effrank 105.3 varratio 0.061
step 22450 loss 1.0066 lr 2.07e-04 wd 0.332 std 0.952 effrank 106.4 varratio 0.061
step 22500 loss 0.9839 lr 2.05e-04 wd 0.332 std 0.969 effrank 116.5 varratio 0.066
step 22550 loss 1.0209 lr 2.03e-04 wd 0.333 std 0.963 effrank 110.8 varratio 0.092
step 22600 loss 0.9959 lr 2.01e-04 wd 0.334 std 0.953 effrank 106.5 varratio 0.081
step 22650 loss 0.9959 lr 1.99e-04 wd 0.334 std 0.948 effrank 109.7 varratio 0.070
step 22700 loss 1.0652 lr 1.97e-04 wd 0.335 std 0.961 effrank 114.3 varratio 0.041
step 22750 loss 1.0194 lr 1.95e-04 wd 0.336 std 0.960 effrank 114.2 varratio 0.051
step 22800 loss 1.0329 lr 1.93e-04 wd 0.336 std 0.969 effrank 110.3 varratio 0.047
step 22850 loss 0.9933 lr 1.91e-04 wd 0.337 std 0.962 effrank 107.6 varratio 0.066
step 22900 loss 1.0128 lr 1.88e-04 wd 0.338 std 0.928 effrank 94.8 varratio 0.066
step 22950 loss 1.0152 lr 1.86e-04 wd 0.338 std 0.958 effrank 109.8 varratio 0.055
step 23000 loss 0.9994 lr 1.84e-04 wd 0.339 std 0.932 effrank 98.7 varratio 0.079
step 23050 loss 1.0360 lr 1.82e-04 wd 0.340 std 0.939 effrank 105.6 varratio 0.069
step 23100 loss 1.0380 lr 1.80e-04 wd 0.340 std 0.964 effrank 112.5 varratio 0.048
step 23150 loss 1.0204 lr 1.78e-04 wd 0.341 std 0.947 effrank 101.7 varratio 0.065
step 23200 loss 0.9868 lr 1.76e-04 wd 0.342 std 0.936 effrank 101.2 varratio 0.090
step 23250 loss 1.0616 lr 1.74e-04 wd 0.342 std 0.958 effrank 107.9 varratio 0.055
step 23300 loss 1.0471 lr 1.73e-04 wd 0.343 std 0.958 effrank 109.1 varratio 0.066
step 23350 loss 1.0229 lr 1.71e-04 wd 0.344 std 0.961 effrank 107.6 varratio 0.059
step 23400 loss 1.0111 lr 1.69e-04 wd 0.344 std 0.958 effrank 110.7 varratio 0.075
step 23450 loss 0.9940 lr 1.67e-04 wd 0.345 std 0.938 effrank 91.9 varratio 0.098
step 23500 loss 1.0261 lr 1.65e-04 wd 0.346 std 0.949 effrank 96.5 varratio 0.069
step 23550 loss 1.0119 lr 1.63e-04 wd 0.346 std 0.947 effrank 96.3 varratio 0.065
step 23600 loss 1.0040 lr 1.61e-04 wd 0.347 std 0.956 effrank 103.9 varratio 0.069
step 23650 loss 1.0014 lr 1.59e-04 wd 0.348 std 0.942 effrank 101.5 varratio 0.069
step 23700 loss 0.9971 lr 1.57e-04 wd 0.348 std 0.966 effrank 109.8 varratio 0.070
step 23750 loss 0.9934 lr 1.55e-04 wd 0.349 std 0.958 effrank 109.4 varratio 0.088
step 23800 loss 0.9743 lr 1.53e-04 wd 0.349 std 0.941 effrank 95.7 varratio 0.106
step 23850 loss 1.0745 lr 1.51e-04 wd 0.350 std 0.956 effrank 108.5 varratio 0.063
step 23900 loss 1.0253 lr 1.50e-04 wd 0.351 std 0.925 effrank 97.5 varratio 0.085
step 23950 loss 0.9923 lr 1.48e-04 wd 0.351 std 0.951 effrank 102.1 varratio 0.072
step 24000 loss 1.0614 lr 1.46e-04 wd 0.352 std 0.964 effrank 115.3 varratio 0.048
step 24050 loss 1.0342 lr 1.44e-04 wd 0.353 std 0.943 effrank 99.2 varratio 0.049
step 24100 loss 1.0531 lr 1.42e-04 wd 0.353 std 0.977 effrank 120.5 varratio 0.031
step 24150 loss 0.9975 lr 1.40e-04 wd 0.354 std 0.954 effrank 97.4 varratio 0.087
step 24200 loss 1.0546 lr 1.39e-04 wd 0.354 std 0.969 effrank 114.0 varratio 0.060
step 24250 loss 1.0464 lr 1.37e-04 wd 0.355 std 0.966 effrank 117.1 varratio 0.055
step 24300 loss 1.0086 lr 1.35e-04 wd 0.356 std 0.955 effrank 106.3 varratio 0.075
step 24350 loss 1.0355 lr 1.33e-04 wd 0.356 std 0.951 effrank 96.5 varratio 0.043
step 24400 loss 1.0025 lr 1.32e-04 wd 0.357 std 0.957 effrank 106.1 varratio 0.073
step 24450 loss 1.0261 lr 1.30e-04 wd 0.357 std 0.963 effrank 108.6 varratio 0.047
step 24500 loss 0.9814 lr 1.28e-04 wd 0.358 std 0.958 effrank 115.2 varratio 0.095
step 24550 loss 1.0533 lr 1.26e-04 wd 0.358 std 0.959 effrank 108.3 varratio 0.044
step 24600 loss 1.0043 lr 1.25e-04 wd 0.359 std 0.963 effrank 111.5 varratio 0.074
step 24650 loss 1.0455 lr 1.23e-04 wd 0.360 std 0.956 effrank 105.0 varratio 0.078
step 24700 loss 1.0066 lr 1.21e-04 wd 0.360 std 0.957 effrank 111.6 varratio 0.077
step 24750 loss 1.0703 lr 1.20e-04 wd 0.361 std 0.969 effrank 111.3 varratio 0.057
step 24800 loss 1.0069 lr 1.18e-04 wd 0.361 std 0.969 effrank 104.3 varratio 0.078
step 24850 loss 1.0433 lr 1.16e-04 wd 0.362 std 0.975 effrank 112.7 varratio 0.040
step 24900 loss 1.0552 lr 1.15e-04 wd 0.362 std 0.973 effrank 119.8 varratio 0.037
step 24950 loss 1.0472 lr 1.13e-04 wd 0.363 std 0.974 effrank 123.0 varratio 0.039
step 25000 loss 1.0300 lr 1.11e-04 wd 0.363 std 0.978 effrank 123.2 varratio 0.049
step 25050 loss 1.0226 lr 1.10e-04 wd 0.364 std 0.961 effrank 117.0 varratio 0.077
step 25100 loss 1.0286 lr 1.08e-04 wd 0.365 std 0.971 effrank 115.6 varratio 0.062
step 25150 loss 1.0089 lr 1.06e-04 wd 0.365 std 0.973 effrank 114.2 varratio 0.070
step 25200 loss 1.0120 lr 1.05e-04 wd 0.366 std 0.958 effrank 102.6 varratio 0.067
step 25250 loss 1.0287 lr 1.03e-04 wd 0.366 std 0.969 effrank 113.3 varratio 0.091
step 25300 loss 1.0343 lr 1.02e-04 wd 0.367 std 0.963 effrank 117.3 varratio 0.059
step 25350 loss 1.0285 lr 1.00e-04 wd 0.367 std 0.965 effrank 116.0 varratio 0.074
step 25400 loss 1.0443 lr 9.85e-05 wd 0.368 std 0.972 effrank 117.7 varratio 0.055
step 25450 loss 1.0202 lr 9.70e-05 wd 0.368 std 0.982 effrank 123.4 varratio 0.056
step 25500 loss 0.9976 lr 9.55e-05 wd 0.369 std 0.972 effrank 124.2 varratio 0.063
step 25550 loss 0.9795 lr 9.40e-05 wd 0.369 std 0.970 effrank 106.2 varratio 0.076
step 25600 loss 1.0062 lr 9.25e-05 wd 0.370 std 0.963 effrank 115.5 varratio 0.088
step 25650 loss 0.9675 lr 9.10e-05 wd 0.370 std 0.964 effrank 120.0 varratio 0.083
step 25700 loss 1.0365 lr 8.95e-05 wd 0.371 std 0.977 effrank 118.6 varratio 0.052
step 25750 loss 1.0092 lr 8.80e-05 wd 0.371 std 0.974 effrank 115.1 varratio 0.064
step 25800 loss 1.0315 lr 8.65e-05 wd 0.372 std 0.976 effrank 118.8 varratio 0.059
step 25850 loss 1.0164 lr 8.51e-05 wd 0.372 std 0.957 effrank 107.9 varratio 0.067
step 25900 loss 1.0417 lr 8.37e-05 wd 0.373 std 0.985 effrank 115.0 varratio 0.052
step 25950 loss 1.0360 lr 8.22e-05 wd 0.373 std 0.972 effrank 123.3 varratio 0.051
step 26000 loss 1.0694 lr 8.08e-05 wd 0.374 std 0.956 effrank 110.3 varratio 0.073
step 26050 loss 1.0299 lr 7.94e-05 wd 0.374 std 0.979 effrank 117.4 varratio 0.048
step 26100 loss 1.0253 lr 7.80e-05 wd 0.375 std 0.973 effrank 120.3 varratio 0.064
step 26150 loss 1.0454 lr 7.66e-05 wd 0.375 std 0.974 effrank 112.1 varratio 0.070
step 26200 loss 1.0122 lr 7.53e-05 wd 0.375 std 0.968 effrank 118.6 varratio 0.071
step 26250 loss 1.0070 lr 7.39e-05 wd 0.376 std 0.970 effrank 116.7 varratio 0.071
step 26300 loss 1.0036 lr 7.25e-05 wd 0.376 std 0.961 effrank 118.3 varratio 0.090
step 26350 loss 1.0536 lr 7.12e-05 wd 0.377 std 0.977 effrank 119.3 varratio 0.042
step 26400 loss 0.9934 lr 6.99e-05 wd 0.377 std 0.971 effrank 122.9 varratio 0.074
step 26450 loss 0.9989 lr 6.86e-05 wd 0.378 std 0.971 effrank 120.2 varratio 0.077
step 26500 loss 1.0163 lr 6.73e-05 wd 0.378 std 0.978 effrank 113.2 varratio 0.045
step 26550 loss 0.9847 lr 6.60e-05 wd 0.379 std 0.973 effrank 123.1 varratio 0.067
step 26600 loss 1.0417 lr 6.47e-05 wd 0.379 std 0.967 effrank 118.5 varratio 0.051
step 26650 loss 1.0176 lr 6.34e-05 wd 0.379 std 0.968 effrank 123.9 varratio 0.063
step 26700 loss 1.0589 lr 6.22e-05 wd 0.380 std 0.963 effrank 115.6 varratio 0.067
step 26750 loss 0.9792 lr 6.09e-05 wd 0.380 std 0.954 effrank 110.1 varratio 0.081
step 26800 loss 0.9948 lr 5.97e-05 wd 0.381 std 0.977 effrank 126.0 varratio 0.056
step 26850 loss 1.0231 lr 5.85e-05 wd 0.381 std 0.978 effrank 119.8 varratio 0.060
step 26900 loss 1.0274 lr 5.73e-05 wd 0.381 std 0.981 effrank 132.9 varratio 0.042
step 26950 loss 1.0200 lr 5.61e-05 wd 0.382 std 0.951 effrank 121.0 varratio 0.080
step 27000 loss 1.0522 lr 5.49e-05 wd 0.382 std 0.977 effrank 120.0 varratio 0.053
step 27050 loss 0.9986 lr 5.37e-05 wd 0.383 std 0.978 effrank 120.7 varratio 0.052
step 27100 loss 1.0215 lr 5.26e-05 wd 0.383 std 0.960 effrank 119.5 varratio 0.078
step 27150 loss 1.0463 lr 5.14e-05 wd 0.383 std 0.971 effrank 116.9 varratio 0.055
step 27200 loss 0.9925 lr 5.03e-05 wd 0.384 std 0.957 effrank 112.0 varratio 0.100
step 27250 loss 1.0251 lr 4.92e-05 wd 0.384 std 0.972 effrank 106.5 varratio 0.073
step 27300 loss 1.0268 lr 4.81e-05 wd 0.384 std 0.953 effrank 117.8 varratio 0.071
step 27350 loss 0.9808 lr 4.70e-05 wd 0.385 std 0.963 effrank 125.7 varratio 0.096
step 27400 loss 0.9841 lr 4.59e-05 wd 0.385 std 0.969 effrank 113.9 varratio 0.090
step 27450 loss 1.0581 lr 4.48e-05 wd 0.386 std 0.977 effrank 124.7 varratio 0.045
step 27500 loss 1.0016 lr 4.38e-05 wd 0.386 std 0.962 effrank 120.2 varratio 0.085
step 27550 loss 1.0268 lr 4.27e-05 wd 0.386 std 0.976 effrank 110.1 varratio 0.052
step 27600 loss 1.0252 lr 4.17e-05 wd 0.387 std 0.966 effrank 123.4 varratio 0.057
step 27650 loss 1.0428 lr 4.07e-05 wd 0.387 std 0.980 effrank 122.8 varratio 0.049
step 27700 loss 1.0102 lr 3.96e-05 wd 0.387 std 0.976 effrank 117.6 varratio 0.054
step 27750 loss 0.9937 lr 3.86e-05 wd 0.388 std 0.962 effrank 118.1 varratio 0.066
step 27800 loss 1.0262 lr 3.77e-05 wd 0.388 std 0.973 effrank 121.3 varratio 0.053
step 27850 loss 1.0208 lr 3.67e-05 wd 0.388 std 0.978 effrank 124.9 varratio 0.054
step 27900 loss 1.0316 lr 3.57e-05 wd 0.389 std 0.971 effrank 104.1 varratio 0.056
step 27950 loss 1.0155 lr 3.48e-05 wd 0.389 std 0.978 effrank 116.7 varratio 0.059
step 28000 loss 1.0237 lr 3.39e-05 wd 0.389 std 0.973 effrank 120.5 varratio 0.085
step 28050 loss 1.0580 lr 3.29e-05 wd 0.389 std 0.975 effrank 120.0 varratio 0.041
step 28100 loss 1.0260 lr 3.20e-05 wd 0.390 std 0.970 effrank 112.0 varratio 0.065
step 28150 loss 0.9995 lr 3.11e-05 wd 0.390 std 0.966 effrank 122.7 varratio 0.076
step 28200 loss 1.0452 lr 3.02e-05 wd 0.390 std 0.970 effrank 122.7 varratio 0.043
step 28250 loss 1.0246 lr 2.94e-05 wd 0.391 std 0.988 effrank 125.3 varratio 0.049
step 28300 loss 0.9804 lr 2.85e-05 wd 0.391 std 0.979 effrank 122.7 varratio 0.074
step 28350 loss 1.0206 lr 2.77e-05 wd 0.391 std 0.982 effrank 119.1 varratio 0.054
step 28400 loss 0.9982 lr 2.68e-05 wd 0.391 std 0.974 effrank 115.6 varratio 0.076
step 28450 loss 1.0468 lr 2.60e-05 wd 0.392 std 0.983 effrank 120.5 varratio 0.040
step 28500 loss 1.0009 lr 2.52e-05 wd 0.392 std 0.976 effrank 116.0 varratio 0.073
step 28550 loss 0.9877 lr 2.44e-05 wd 0.392 std 0.961 effrank 114.7 varratio 0.117
step 28600 loss 1.0441 lr 2.36e-05 wd 0.393 std 0.976 effrank 132.7 varratio 0.043
step 28650 loss 1.0403 lr 2.29e-05 wd 0.393 std 0.977 effrank 119.6 varratio 0.044
step 28700 loss 1.0168 lr 2.21e-05 wd 0.393 std 0.976 effrank 127.7 varratio 0.051
step 28750 loss 1.0265 lr 2.14e-05 wd 0.393 std 0.973 effrank 118.3 varratio 0.065
step 28800 loss 1.0525 lr 2.06e-05 wd 0.394 std 0.981 effrank 130.5 varratio 0.030
step 28850 loss 1.0101 lr 1.99e-05 wd 0.394 std 0.964 effrank 122.5 varratio 0.066
step 28900 loss 0.9987 lr 1.92e-05 wd 0.394 std 0.960 effrank 125.5 varratio 0.073
step 28950 loss 1.0186 lr 1.85e-05 wd 0.394 std 0.983 effrank 124.5 varratio 0.056
step 29000 loss 1.0577 lr 1.79e-05 wd 0.394 std 0.976 effrank 123.9 varratio 0.053
step 29050 loss 1.0367 lr 1.72e-05 wd 0.395 std 0.973 effrank 117.3 varratio 0.052
step 29100 loss 1.0177 lr 1.65e-05 wd 0.395 std 0.981 effrank 126.7 varratio 0.062
step 29150 loss 1.0113 lr 1.59e-05 wd 0.395 std 0.969 effrank 118.0 varratio 0.068
step 29200 loss 1.0175 lr 1.53e-05 wd 0.395 std 0.947 effrank 117.4 varratio 0.125
step 29250 loss 0.9956 lr 1.47e-05 wd 0.395 std 0.980 effrank 130.3 varratio 0.063
step 29300 loss 1.0420 lr 1.41e-05 wd 0.396 std 0.983 effrank 129.7 varratio 0.048
step 29350 loss 1.0283 lr 1.35e-05 wd 0.396 std 0.976 effrank 128.7 varratio 0.046
step 29400 loss 1.0295 lr 1.29e-05 wd 0.396 std 0.982 effrank 126.6 varratio 0.048
step 29450 loss 1.0507 lr 1.24e-05 wd 0.396 std 0.983 effrank 130.4 varratio 0.042
step 29500 loss 1.0315 lr 1.18e-05 wd 0.396 std 0.985 effrank 129.8 varratio 0.055
step 29550 loss 1.0589 lr 1.13e-05 wd 0.397 std 0.976 effrank 127.6 varratio 0.045
step 29600 loss 1.0055 lr 1.08e-05 wd 0.397 std 0.960 effrank 120.0 varratio 0.096
step 29650 loss 1.0316 lr 1.03e-05 wd 0.397 std 0.976 effrank 118.8 varratio 0.047
step 29700 loss 1.0586 lr 9.76e-06 wd 0.397 std 0.966 effrank 121.1 varratio 0.066
step 29750 loss 1.0182 lr 9.28e-06 wd 0.397 std 0.983 effrank 129.8 varratio 0.055
step 29800 loss 1.0225 lr 8.82e-06 wd 0.397 std 0.973 effrank 119.1 varratio 0.060
step 29850 loss 1.0003 lr 8.36e-06 wd 0.398 std 0.979 effrank 121.7 varratio 0.068
step 29900 loss 1.0294 lr 7.93e-06 wd 0.398 std 0.979 effrank 118.9 varratio 0.054
step 29950 loss 1.0216 lr 7.50e-06 wd 0.398 std 0.987 effrank 133.7 varratio 0.053
step 30000 loss 1.0298 lr 7.09e-06 wd 0.398 std 0.961 effrank 114.7 varratio 0.073
step 30050 loss 1.0556 lr 6.69e-06 wd 0.398 std 0.987 effrank 124.6 varratio 0.036
step 30100 loss 1.0237 lr 6.31e-06 wd 0.398 std 0.971 effrank 119.6 varratio 0.063
step 30150 loss 1.0114 lr 5.93e-06 wd 0.398 std 0.979 effrank 128.5 varratio 0.056
step 30200 loss 1.0080 lr 5.58e-06 wd 0.398 std 0.977 effrank 120.6 varratio 0.065
step 30250 loss 0.9927 lr 5.23e-06 wd 0.399 std 0.975 effrank 115.0 varratio 0.070
step 30300 loss 0.9953 lr 4.90e-06 wd 0.399 std 0.974 effrank 119.8 varratio 0.081
step 30350 loss 0.9995 lr 4.58e-06 wd 0.399 std 0.970 effrank 124.3 varratio 0.072
step 30400 loss 1.0241 lr 4.28e-06 wd 0.399 std 0.971 effrank 130.3 varratio 0.053
step 30450 loss 1.0112 lr 3.99e-06 wd 0.399 std 0.979 effrank 120.0 varratio 0.059
step 30500 loss 1.0176 lr 3.71e-06 wd 0.399 std 0.980 effrank 124.3 varratio 0.060
step 30550 loss 1.0193 lr 3.45e-06 wd 0.399 std 0.961 effrank 119.1 varratio 0.072
step 30600 loss 1.0209 lr 3.19e-06 wd 0.399 std 0.970 effrank 122.2 varratio 0.064
step 30650 loss 1.0770 lr 2.96e-06 wd 0.399 std 0.970 effrank 116.6 varratio 0.037
step 30700 loss 1.0373 lr 2.73e-06 wd 0.399 std 0.981 effrank 115.8 varratio 0.047
step 30750 loss 1.0173 lr 2.52e-06 wd 0.399 std 0.975 effrank 124.0 varratio 0.061
step 30800 loss 1.0177 lr 2.33e-06 wd 0.400 std 0.938 effrank 108.1 varratio 0.143
step 30850 loss 1.0267 lr 2.15e-06 wd 0.400 std 0.978 effrank 130.5 varratio 0.047
step 30900 loss 1.0280 lr 1.98e-06 wd 0.400 std 0.979 effrank 123.4 varratio 0.054
step 30950 loss 0.9810 lr 1.82e-06 wd 0.400 std 0.974 effrank 109.4 varratio 0.086
step 31000 loss 1.0331 lr 1.68e-06 wd 0.400 std 0.978 effrank 132.9 varratio 0.041
step 31050 loss 1.0317 lr 1.55e-06 wd 0.400 std 0.981 effrank 129.2 varratio 0.051
step 31100 loss 1.0300 lr 1.43e-06 wd 0.400 std 0.985 effrank 126.1 varratio 0.047
step 31150 loss 1.0442 lr 1.33e-06 wd 0.400 std 0.980 effrank 122.6 varratio 0.050
step 31200 loss 1.0079 lr 1.24e-06 wd 0.400 std 0.963 effrank 128.5 varratio 0.088
step 31250 loss 1.0310 lr 1.17e-06 wd 0.400 std 0.974 effrank 129.8 varratio 0.055
step 31300 loss 1.0020 lr 1.11e-06 wd 0.400 std 0.972 effrank 118.8 varratio 0.076
step 31350 loss 0.9811 lr 1.06e-06 wd 0.400 std 0.974 effrank 127.1 varratio 0.067
step 31400 loss 1.0431 lr 1.03e-06 wd 0.400 std 0.979 effrank 127.6 varratio 0.051
step 31450 loss 1.0079 lr 1.01e-06 wd 0.400 std 0.984 effrank 126.2 varratio 0.060
[run_matrix] spatial_jepa_matched: linear=13.49 conv=15.62 knn=0.666 gpu_h=2.07
step 0 loss 1.9921 lr 0.00e+00 wd 0.040 std 0.348 effrank 13.7 varratio 0.049
step 50 loss 1.5519 lr 3.70e-05 wd 0.040 std 0.433 effrank 15.3 varratio 0.054
step 100 loss 1.3126 lr 7.41e-05 wd 0.040 std 0.484 effrank 15.7 varratio 0.046
step 150 loss 1.1338 lr 1.11e-04 wd 0.040 std 0.562 effrank 17.8 varratio 0.023
step 200 loss 1.0752 lr 1.48e-04 wd 0.040 std 0.566 effrank 18.7 varratio 0.013
step 250 loss 1.1555 lr 1.85e-04 wd 0.041 std 0.579 effrank 19.4 varratio 0.005
step 300 loss 0.9670 lr 2.22e-04 wd 0.041 std 0.586 effrank 20.4 varratio 0.007
step 350 loss 0.9754 lr 2.59e-04 wd 0.041 std 0.590 effrank 23.8 varratio 0.007
step 400 loss 0.9485 lr 2.96e-04 wd 0.042 std 0.671 effrank 25.6 varratio 0.012
step 450 loss 1.0040 lr 3.33e-04 wd 0.042 std 0.612 effrank 26.5 varratio 0.016
step 500 loss 1.0629 lr 3.70e-04 wd 0.043 std 0.640 effrank 27.5 varratio 0.043
step 550 loss 1.0055 lr 4.07e-04 wd 0.043 std 0.629 effrank 29.3 varratio 0.041
step 600 loss 0.9653 lr 4.44e-04 wd 0.044 std 0.673 effrank 35.0 varratio 0.114
step 650 loss 0.9967 lr 4.81e-04 wd 0.045 std 0.707 effrank 39.6 varratio 0.151
step 700 loss 0.9736 lr 5.19e-04 wd 0.045 std 0.732 effrank 46.3 varratio 0.162
step 750 loss 0.9539 lr 5.56e-04 wd 0.046 std 0.755 effrank 55.3 varratio 0.182
step 800 loss 0.7790 lr 5.93e-04 wd 0.047 std 0.822 effrank 64.2 varratio 0.270
step 850 loss 0.9010 lr 6.30e-04 wd 0.048 std 0.795 effrank 74.5 varratio 0.204
step 900 loss 0.6927 lr 6.67e-04 wd 0.049 std 0.849 effrank 84.7 varratio 0.256
step 950 loss 0.7079 lr 7.04e-04 wd 0.050 std 0.884 effrank 98.9 varratio 0.270
step 1000 loss 0.5665 lr 7.41e-04 wd 0.051 std 0.898 effrank 109.2 varratio 0.340
step 1050 loss 0.7114 lr 7.78e-04 wd 0.052 std 0.922 effrank 128.1 varratio 0.274
step 1100 loss 0.6590 lr 8.15e-04 wd 0.053 std 0.902 effrank 139.1 varratio 0.308
step 1150 loss 0.7483 lr 8.52e-04 wd 0.054 std 0.955 effrank 141.0 varratio 0.260
step 1200 loss 0.4888 lr 8.89e-04 wd 0.056 std 0.968 effrank 158.6 varratio 0.364
step 1250 loss 0.5555 lr 9.26e-04 wd 0.057 std 0.978 effrank 167.8 varratio 0.314
step 1300 loss 0.5903 lr 9.63e-04 wd 0.058 std 0.927 effrank 174.6 varratio 0.253
step 1350 loss 0.6842 lr 1.00e-03 wd 0.060 std 0.979 effrank 177.7 varratio 0.273
step 1400 loss 0.3643 lr 1.00e-03 wd 0.061 std 0.988 effrank 189.1 varratio 0.454
step 1450 loss 0.5197 lr 1.00e-03 wd 0.063 std 0.990 effrank 198.7 varratio 0.292
step 1500 loss 0.6179 lr 9.99e-04 wd 0.064 std 0.999 effrank 212.6 varratio 0.243
step 1550 loss 0.4350 lr 9.98e-04 wd 0.066 std 0.994 effrank 220.3 varratio 0.348
step 1600 loss 0.2904 lr 9.97e-04 wd 0.067 std 1.002 effrank 228.2 varratio 0.404
step 1650 loss 0.3397 lr 9.96e-04 wd 0.069 std 1.004 effrank 241.7 varratio 0.395
step 1700 loss 0.3783 lr 9.95e-04 wd 0.071 std 0.998 effrank 251.3 varratio 0.353
step 1750 loss 0.4768 lr 9.93e-04 wd 0.073 std 1.014 effrank 247.5 varratio 0.259
step 1800 loss 0.4638 lr 9.91e-04 wd 0.074 std 1.006 effrank 258.8 varratio 0.306
step 1850 loss 0.5684 lr 9.90e-04 wd 0.076 std 1.005 effrank 269.8 varratio 0.237
step 1900 loss 0.4403 lr 9.87e-04 wd 0.078 std 1.014 effrank 276.0 varratio 0.266
step 1950 loss 0.5772 lr 9.85e-04 wd 0.080 std 1.014 effrank 284.9 varratio 0.239
step 2000 loss 0.3943 lr 9.82e-04 wd 0.082 std 1.023 effrank 286.7 varratio 0.334
step 2050 loss 0.4825 lr 9.80e-04 wd 0.084 std 1.019 effrank 296.7 varratio 0.261
step 2100 loss 0.5072 lr 9.76e-04 wd 0.086 std 1.008 effrank 304.8 varratio 0.253
step 2150 loss 0.5119 lr 9.73e-04 wd 0.088 std 1.011 effrank 309.4 varratio 0.239
step 2200 loss 0.3892 lr 9.70e-04 wd 0.091 std 1.011 effrank 316.7 varratio 0.278
step 2250 loss 0.3639 lr 9.66e-04 wd 0.093 std 1.014 effrank 317.9 varratio 0.330
step 2300 loss 0.3621 lr 9.62e-04 wd 0.095 std 1.021 effrank 322.8 varratio 0.321
step 2350 loss 0.3243 lr 9.58e-04 wd 0.097 std 1.005 effrank 330.3 varratio 0.310
step 2400 loss 0.3409 lr 9.54e-04 wd 0.100 std 1.008 effrank 334.6 varratio 0.310
step 2450 loss 0.3418 lr 9.50e-04 wd 0.102 std 1.018 effrank 336.3 varratio 0.311
step 2500 loss 0.3753 lr 9.45e-04 wd 0.104 std 1.024 effrank 343.0 varratio 0.307
step 2550 loss 0.3847 lr 9.41e-04 wd 0.107 std 1.009 effrank 346.0 varratio 0.279
step 2600 loss 0.2927 lr 9.36e-04 wd 0.109 std 1.014 effrank 351.3 varratio 0.338
step 2650 loss 0.2988 lr 9.30e-04 wd 0.112 std 1.021 effrank 354.2 varratio 0.345
step 2700 loss 0.4386 lr 9.25e-04 wd 0.114 std 1.018 effrank 357.5 varratio 0.255
step 2750 loss 0.3643 lr 9.20e-04 wd 0.117 std 1.022 effrank 354.8 varratio 0.317
step 2800 loss 0.3407 lr 9.14e-04 wd 0.119 std 1.005 effrank 364.7 varratio 0.294
step 2850 loss 0.4062 lr 9.08e-04 wd 0.122 std 1.013 effrank 366.8 varratio 0.263
step 2900 loss 0.3054 lr 9.02e-04 wd 0.125 std 1.005 effrank 368.7 varratio 0.293
step 2950 loss 0.2933 lr 8.96e-04 wd 0.127 std 1.024 effrank 372.1 varratio 0.347
step 3000 loss 0.2947 lr 8.90e-04 wd 0.130 std 1.021 effrank 366.7 varratio 0.373
step 3050 loss 0.4525 lr 8.83e-04 wd 0.133 std 1.020 effrank 373.7 varratio 0.242
step 3100 loss 0.3829 lr 8.76e-04 wd 0.135 std 1.025 effrank 379.4 varratio 0.279
step 3150 loss 0.4267 lr 8.70e-04 wd 0.138 std 1.024 effrank 378.3 varratio 0.255
step 3200 loss 0.3141 lr 8.63e-04 wd 0.141 std 1.014 effrank 381.6 varratio 0.328
step 3250 loss 0.3034 lr 8.56e-04 wd 0.144 std 1.019 effrank 381.3 varratio 0.322
step 3300 loss 0.3814 lr 8.48e-04 wd 0.147 std 1.020 effrank 389.3 varratio 0.290
step 3350 loss 0.2992 lr 8.41e-04 wd 0.150 std 1.014 effrank 391.5 varratio 0.320
step 3400 loss 0.3999 lr 8.33e-04 wd 0.153 std 1.016 effrank 395.4 varratio 0.237
step 3450 loss 0.4485 lr 8.25e-04 wd 0.155 std 1.020 effrank 395.5 varratio 0.245
step 3500 loss 0.3036 lr 8.18e-04 wd 0.158 std 1.024 effrank 398.9 varratio 0.318
step 3550 loss 0.3336 lr 8.10e-04 wd 0.161 std 1.027 effrank 400.5 varratio 0.316
step 3600 loss 0.2883 lr 8.02e-04 wd 0.164 std 1.016 effrank 396.2 varratio 0.300
step 3650 loss 0.3688 lr 7.93e-04 wd 0.167 std 1.022 effrank 387.7 varratio 0.288
step 3700 loss 0.3868 lr 7.85e-04 wd 0.170 std 1.014 effrank 400.1 varratio 0.291
step 3750 loss 0.3353 lr 7.76e-04 wd 0.173 std 1.017 effrank 404.3 varratio 0.288
step 3800 loss 0.4212 lr 7.68e-04 wd 0.176 std 1.014 effrank 404.2 varratio 0.287
step 3850 loss 0.3383 lr 7.59e-04 wd 0.180 std 1.027 effrank 402.1 varratio 0.274
step 3900 loss 0.2845 lr 7.50e-04 wd 0.183 std 1.018 effrank 411.7 varratio 0.314
step 3950 loss 0.3522 lr 7.41e-04 wd 0.186 std 1.014 effrank 410.8 varratio 0.309
step 4000 loss 0.2897 lr 7.32e-04 wd 0.189 std 1.022 effrank 414.9 varratio 0.330
step 4050 loss 0.3206 lr 7.23e-04 wd 0.192 std 1.017 effrank 415.8 varratio 0.280
step 4100 loss 0.2389 lr 7.14e-04 wd 0.195 std 1.022 effrank 415.4 varratio 0.363
step 4150 loss 0.3420 lr 7.05e-04 wd 0.198 std 1.017 effrank 417.9 varratio 0.282
step 4200 loss 0.3356 lr 6.95e-04 wd 0.201 std 1.011 effrank 419.6 varratio 0.258
step 4250 loss 0.3282 lr 6.86e-04 wd 0.204 std 1.009 effrank 417.9 varratio 0.263
step 4300 loss 0.3664 lr 6.76e-04 wd 0.207 std 1.025 effrank 416.4 varratio 0.297
step 4350 loss 0.3524 lr 6.67e-04 wd 0.211 std 1.026 effrank 424.5 varratio 0.274
step 4400 loss 0.3031 lr 6.57e-04 wd 0.214 std 1.020 effrank 425.5 varratio 0.303
step 4450 loss 0.3050 lr 6.47e-04 wd 0.217 std 1.019 effrank 424.5 varratio 0.309
step 4500 loss 0.3254 lr 6.37e-04 wd 0.220 std 1.016 effrank 427.8 varratio 0.328
step 4550 loss 0.3654 lr 6.27e-04 wd 0.223 std 1.017 effrank 425.2 varratio 0.288
step 4600 loss 0.2540 lr 6.17e-04 wd 0.226 std 1.029 effrank 427.3 varratio 0.337
step 4650 loss 0.3731 lr 6.07e-04 wd 0.229 std 1.020 effrank 432.0 varratio 0.281
step 4700 loss 0.4484 lr 5.97e-04 wd 0.233 std 1.020 effrank 428.8 varratio 0.236
step 4750 loss 0.3246 lr 5.87e-04 wd 0.236 std 1.023 effrank 430.5 varratio 0.326
step 4800 loss 0.3020 lr 5.77e-04 wd 0.239 std 1.023 effrank 424.2 varratio 0.344
step 4850 loss 0.3292 lr 5.67e-04 wd 0.242 std 1.021 effrank 436.3 varratio 0.300
step 4900 loss 0.2963 lr 5.57e-04 wd 0.245 std 1.021 effrank 436.1 varratio 0.301
step 4950 loss 0.3833 lr 5.47e-04 wd 0.248 std 1.029 effrank 437.8 varratio 0.240
step 5000 loss 0.4401 lr 5.36e-04 wd 0.251 std 1.021 effrank 437.7 varratio 0.220
step 5050 loss 0.3286 lr 5.26e-04 wd 0.254 std 1.022 effrank 434.1 varratio 0.297
step 5100 loss 0.3199 lr 5.16e-04 wd 0.257 std 1.025 effrank 428.6 varratio 0.311
step 5150 loss 0.4061 lr 5.06e-04 wd 0.260 std 1.019 effrank 439.5 varratio 0.292
step 5200 loss 0.3692 lr 4.95e-04 wd 0.264 std 1.017 effrank 437.5 varratio 0.292
step 5250 loss 0.3469 lr 4.85e-04 wd 0.267 std 1.018 effrank 441.3 varratio 0.258
step 5300 loss 0.3664 lr 4.75e-04 wd 0.270 std 1.024 effrank 440.1 varratio 0.268
step 5350 loss 0.3199 lr 4.65e-04 wd 0.273 std 1.018 effrank 441.9 varratio 0.285
step 5400 loss 0.3550 lr 4.54e-04 wd 0.276 std 1.020 effrank 442.0 varratio 0.275
step 5450 loss 0.3609 lr 4.44e-04 wd 0.279 std 1.021 effrank 443.0 varratio 0.260
step 5500 loss 0.3711 lr 4.34e-04 wd 0.282 std 1.024 effrank 439.0 varratio 0.278
step 5550 loss 0.3461 lr 4.24e-04 wd 0.285 std 1.023 effrank 441.0 varratio 0.288
step 5600 loss 0.3301 lr 4.14e-04 wd 0.287 std 1.020 effrank 440.6 varratio 0.291
step 5650 loss 0.3712 lr 4.04e-04 wd 0.290 std 1.014 effrank 442.5 varratio 0.279
step 5700 loss 0.3562 lr 3.94e-04 wd 0.293 std 1.024 effrank 442.3 varratio 0.298
step 5750 loss 0.3516 lr 3.84e-04 wd 0.296 std 1.018 effrank 444.8 varratio 0.260
step 5800 loss 0.3094 lr 3.74e-04 wd 0.299 std 1.017 effrank 444.7 varratio 0.283
step 5850 loss 0.3610 lr 3.64e-04 wd 0.302 std 1.020 effrank 440.7 varratio 0.271
step 5900 loss 0.3763 lr 3.54e-04 wd 0.305 std 1.019 effrank 440.8 varratio 0.266
step 5950 loss 0.3566 lr 3.44e-04 wd 0.307 std 1.019 effrank 447.5 varratio 0.272
step 6000 loss 0.3306 lr 3.34e-04 wd 0.310 std 1.022 effrank 440.4 varratio 0.310
step 6050 loss 0.3462 lr 3.25e-04 wd 0.313 std 1.016 effrank 444.4 varratio 0.267
step 6100 loss 0.3765 lr 3.15e-04 wd 0.315 std 1.019 effrank 442.6 varratio 0.307
step 6150 loss 0.3346 lr 3.06e-04 wd 0.318 std 1.021 effrank 445.3 varratio 0.262
step 6200 loss 0.3930 lr 2.96e-04 wd 0.321 std 1.018 effrank 442.4 varratio 0.269
step 6250 loss 0.2630 lr 2.87e-04 wd 0.323 std 1.015 effrank 445.0 varratio 0.317
step 6300 loss 0.3853 lr 2.78e-04 wd 0.326 std 1.020 effrank 447.0 varratio 0.265
step 6350 loss 0.3454 lr 2.69e-04 wd 0.328 std 1.017 effrank 451.3 varratio 0.273
step 6400 loss 0.3661 lr 2.60e-04 wd 0.331 std 1.023 effrank 442.6 varratio 0.276
step 6450 loss 0.3982 lr 2.51e-04 wd 0.333 std 1.023 effrank 447.2 varratio 0.253
step 6500 loss 0.3355 lr 2.42e-04 wd 0.336 std 1.021 effrank 452.0 varratio 0.300
step 6550 loss 0.2883 lr 2.33e-04 wd 0.338 std 1.021 effrank 452.3 varratio 0.328
step 6600 loss 0.4622 lr 2.25e-04 wd 0.340 std 1.020 effrank 451.9 varratio 0.242
step 6650 loss 0.3303 lr 2.16e-04 wd 0.343 std 1.019 effrank 454.8 varratio 0.290
step 6700 loss 0.4517 lr 2.08e-04 wd 0.345 std 1.027 effrank 448.2 varratio 0.246
step 6750 loss 0.3520 lr 1.99e-04 wd 0.347 std 1.022 effrank 448.4 varratio 0.254
step 6800 loss 0.3269 lr 1.91e-04 wd 0.349 std 1.019 effrank 454.1 varratio 0.318
step 6850 loss 0.3642 lr 1.83e-04 wd 0.352 std 1.027 effrank 448.7 varratio 0.309
step 6900 loss 0.3341 lr 1.76e-04 wd 0.354 std 1.017 effrank 454.8 varratio 0.297
step 6950 loss 0.3214 lr 1.68e-04 wd 0.356 std 1.025 effrank 451.7 varratio 0.302
step 7000 loss 0.3783 lr 1.60e-04 wd 0.358 std 1.025 effrank 445.2 varratio 0.240
step 7050 loss 0.2881 lr 1.53e-04 wd 0.360 std 1.025 effrank 448.6 varratio 0.319
step 7100 loss 0.3236 lr 1.45e-04 wd 0.362 std 1.021 effrank 454.8 varratio 0.331
step 7150 loss 0.3321 lr 1.38e-04 wd 0.364 std 1.020 effrank 456.7 varratio 0.237
step 7200 loss 0.3350 lr 1.31e-04 wd 0.366 std 1.019 effrank 457.3 varratio 0.300
step 7250 loss 0.3082 lr 1.25e-04 wd 0.367 std 1.019 effrank 460.0 varratio 0.338
step 7300 loss 0.2900 lr 1.18e-04 wd 0.369 std 1.022 effrank 456.2 varratio 0.345
step 7350 loss 0.3098 lr 1.11e-04 wd 0.371 std 1.018 effrank 457.9 varratio 0.320
step 7400 loss 0.3658 lr 1.05e-04 wd 0.373 std 1.024 effrank 458.3 varratio 0.265
step 7450 loss 0.3611 lr 9.88e-05 wd 0.374 std 1.023 effrank 457.0 varratio 0.271
step 7500 loss 0.4465 lr 9.28e-05 wd 0.376 std 1.017 effrank 458.7 varratio 0.266
step 7550 loss 0.3251 lr 8.70e-05 wd 0.377 std 1.019 effrank 459.3 varratio 0.252
step 7600 loss 0.3514 lr 8.13e-05 wd 0.379 std 1.019 effrank 459.0 varratio 0.299
step 7650 loss 0.3828 lr 7.58e-05 wd 0.380 std 1.019 effrank 456.5 varratio 0.295
step 7700 loss 0.3521 lr 7.05e-05 wd 0.382 std 1.020 effrank 458.6 varratio 0.281
step 7750 loss 0.4008 lr 6.54e-05 wd 0.383 std 1.016 effrank 456.9 varratio 0.246
step 7800 loss 0.3887 lr 6.04e-05 wd 0.384 std 1.018 effrank 458.5 varratio 0.270
step 7850 loss 0.4190 lr 5.57e-05 wd 0.386 std 1.020 effrank 458.9 varratio 0.284
step 7900 loss 0.3905 lr 5.11e-05 wd 0.387 std 1.018 effrank 460.8 varratio 0.304
step 7950 loss 0.3939 lr 4.67e-05 wd 0.388 std 1.022 effrank 458.7 varratio 0.218
step 8000 loss 0.3277 lr 4.25e-05 wd 0.389 std 1.023 effrank 460.7 varratio 0.284
step 8050 loss 0.3023 lr 3.85e-05 wd 0.390 std 1.018 effrank 459.4 varratio 0.335
step 8100 loss 0.3585 lr 3.47e-05 wd 0.391 std 1.022 effrank 461.6 varratio 0.281
step 8150 loss 0.3241 lr 3.11e-05 wd 0.392 std 1.022 effrank 457.9 varratio 0.317
step 8200 loss 0.3449 lr 2.77e-05 wd 0.393 std 1.021 effrank 460.4 varratio 0.299
step 8250 loss 0.3008 lr 2.45e-05 wd 0.394 std 1.021 effrank 461.5 varratio 0.309
step 8300 loss 0.3115 lr 2.15e-05 wd 0.395 std 1.022 effrank 461.4 varratio 0.301
step 8350 loss 0.3428 lr 1.87e-05 wd 0.395 std 1.018 effrank 460.5 varratio 0.327
step 8400 loss 0.3161 lr 1.61e-05 wd 0.396 std 1.021 effrank 457.1 varratio 0.302
step 8450 loss 0.3761 lr 1.37e-05 wd 0.397 std 1.024 effrank 449.3 varratio 0.299
step 8500 loss 0.3706 lr 1.15e-05 wd 0.397 std 1.019 effrank 461.4 varratio 0.254
step 8550 loss 0.3164 lr 9.50e-06 wd 0.398 std 1.020 effrank 461.1 varratio 0.322
step 8600 loss 0.4204 lr 7.72e-06 wd 0.398 std 1.021 effrank 459.9 varratio 0.258
step 8650 loss 0.3295 lr 6.15e-06 wd 0.399 std 1.017 effrank 460.7 varratio 0.307
step 8700 loss 0.3447 lr 4.79e-06 wd 0.399 std 1.019 effrank 460.7 varratio 0.295
step 8750 loss 0.2787 lr 3.63e-06 wd 0.399 std 1.019 effrank 459.3 varratio 0.330
step 8800 loss 0.3641 lr 2.68e-06 wd 0.400 std 1.019 effrank 461.5 varratio 0.282
step 8850 loss 0.3896 lr 1.95e-06 wd 0.400 std 1.016 effrank 458.2 varratio 0.287
step 8900 loss 0.4115 lr 1.42e-06 wd 0.400 std 1.018 effrank 459.9 varratio 0.285
step 8950 loss 0.3646 lr 1.11e-06 wd 0.400 std 1.020 effrank 460.7 varratio 0.275
[run_matrix] tjepa_h2: linear=15.85 conv=19.07 knn=0.668 gpu_h=2.13
step 0 loss 2.0121 lr 0.00e+00 wd 0.040 std 0.356 effrank 13.1 varratio 0.071
step 50 loss 1.5476 lr 3.70e-05 wd 0.040 std 0.430 effrank 15.4 varratio 0.053
step 100 loss 1.3262 lr 7.41e-05 wd 0.040 std 0.487 effrank 15.8 varratio 0.038
step 150 loss 1.0883 lr 1.11e-04 wd 0.040 std 0.558 effrank 17.9 varratio 0.031
step 200 loss 1.0972 lr 1.48e-04 wd 0.040 std 0.569 effrank 18.7 varratio 0.011
step 250 loss 1.0435 lr 1.85e-04 wd 0.041 std 0.587 effrank 19.4 varratio 0.006
step 300 loss 1.0278 lr 2.22e-04 wd 0.041 std 0.563 effrank 20.5 varratio 0.005
step 350 loss 0.9065 lr 2.59e-04 wd 0.041 std 0.634 effrank 23.5 varratio 0.007
step 400 loss 1.0478 lr 2.96e-04 wd 0.042 std 0.601 effrank 26.7 varratio 0.010
step 450 loss 1.1984 lr 3.33e-04 wd 0.042 std 0.491 effrank 28.5 varratio 0.013
step 500 loss 1.1260 lr 3.70e-04 wd 0.043 std 0.634 effrank 28.2 varratio 0.037
step 550 loss 1.0456 lr 4.07e-04 wd 0.043 std 0.638 effrank 31.0 varratio 0.070
step 600 loss 0.8579 lr 4.44e-04 wd 0.044 std 0.687 effrank 38.3 varratio 0.105
step 650 loss 0.8835 lr 4.81e-04 wd 0.045 std 0.734 effrank 43.9 varratio 0.086
step 700 loss 0.8760 lr 5.19e-04 wd 0.045 std 0.769 effrank 50.3 varratio 0.204
step 750 loss 0.9448 lr 5.56e-04 wd 0.046 std 0.781 effrank 60.6 varratio 0.204
step 800 loss 0.6275 lr 5.93e-04 wd 0.047 std 0.824 effrank 69.8 varratio 0.282
step 850 loss 0.8452 lr 6.30e-04 wd 0.048 std 0.844 effrank 86.2 varratio 0.244
step 900 loss 0.6030 lr 6.67e-04 wd 0.049 std 0.876 effrank 98.8 varratio 0.315
step 950 loss 0.6387 lr 7.04e-04 wd 0.050 std 0.902 effrank 114.0 varratio 0.307
step 1000 loss 0.7023 lr 7.41e-04 wd 0.051 std 0.815 effrank 121.7 varratio 0.298
step 1050 loss 0.5618 lr 7.78e-04 wd 0.052 std 0.922 effrank 128.4 varratio 0.386
step 1100 loss 0.4887 lr 8.15e-04 wd 0.053 std 0.944 effrank 138.2 varratio 0.358
step 1150 loss 0.4299 lr 8.52e-04 wd 0.054 std 0.945 effrank 143.8 varratio 0.369
step 1200 loss 0.4568 lr 8.89e-04 wd 0.056 std 0.969 effrank 150.6 varratio 0.335
step 1250 loss 0.5775 lr 9.26e-04 wd 0.057 std 0.982 effrank 161.2 varratio 0.329
step 1300 loss 0.3882 lr 9.63e-04 wd 0.058 std 0.989 effrank 172.5 varratio 0.387
step 1350 loss 0.5324 lr 1.00e-03 wd 0.060 std 0.997 effrank 185.5 varratio 0.295
step 1400 loss 0.3624 lr 1.00e-03 wd 0.061 std 0.995 effrank 199.9 varratio 0.409
step 1450 loss 0.4330 lr 1.00e-03 wd 0.063 std 0.997 effrank 209.2 varratio 0.308
step 1500 loss 0.4014 lr 9.99e-04 wd 0.064 std 0.998 effrank 223.7 varratio 0.325
step 1550 loss 0.4026 lr 9.98e-04 wd 0.066 std 0.992 effrank 229.2 varratio 0.325
step 1600 loss 0.5195 lr 9.97e-04 wd 0.067 std 0.999 effrank 233.8 varratio 0.236
step 1650 loss 0.4088 lr 9.96e-04 wd 0.069 std 1.006 effrank 244.7 varratio 0.317
step 1700 loss 0.3753 lr 9.95e-04 wd 0.071 std 1.004 effrank 254.3 varratio 0.329
step 1750 loss 0.3554 lr 9.93e-04 wd 0.073 std 1.016 effrank 256.3 varratio 0.362
step 1800 loss 0.4821 lr 9.91e-04 wd 0.074 std 1.007 effrank 268.6 varratio 0.284
step 1850 loss 0.3900 lr 9.90e-04 wd 0.076 std 0.996 effrank 278.0 varratio 0.336
step 1900 loss 0.4881 lr 9.87e-04 wd 0.078 std 1.000 effrank 267.8 varratio 0.228
step 1950 loss 0.5304 lr 9.85e-04 wd 0.080 std 1.015 effrank 280.6 varratio 0.254
step 2000 loss 0.3428 lr 9.82e-04 wd 0.082 std 1.018 effrank 282.6 varratio 0.307
step 2050 loss 0.4581 lr 9.80e-04 wd 0.084 std 1.014 effrank 294.3 varratio 0.266
step 2100 loss 0.5128 lr 9.76e-04 wd 0.086 std 1.007 effrank 303.0 varratio 0.265
step 2150 loss 0.4450 lr 9.73e-04 wd 0.088 std 1.010 effrank 307.8 varratio 0.257
step 2200 loss 0.4325 lr 9.70e-04 wd 0.091 std 1.009 effrank 314.1 varratio 0.239
step 2250 loss 0.3414 lr 9.66e-04 wd 0.093 std 1.013 effrank 317.1 varratio 0.307
step 2300 loss 0.4838 lr 9.62e-04 wd 0.095 std 1.020 effrank 320.6 varratio 0.240
step 2350 loss 0.3142 lr 9.58e-04 wd 0.097 std 1.012 effrank 326.6 varratio 0.329
step 2400 loss 0.3491 lr 9.54e-04 wd 0.100 std 1.015 effrank 331.2 varratio 0.311
step 2450 loss 0.3245 lr 9.50e-04 wd 0.102 std 1.015 effrank 339.0 varratio 0.296
step 2500 loss 0.3278 lr 9.45e-04 wd 0.104 std 1.022 effrank 340.7 varratio 0.317
step 2550 loss 0.3389 lr 9.41e-04 wd 0.107 std 1.017 effrank 343.9 varratio 0.257
step 2600 loss 0.4348 lr 9.36e-04 wd 0.109 std 1.018 effrank 348.5 varratio 0.227
step 2650 loss 0.3304 lr 9.30e-04 wd 0.112 std 1.017 effrank 353.8 varratio 0.310
step 2700 loss 0.2767 lr 9.25e-04 wd 0.114 std 1.017 effrank 356.6 varratio 0.335
step 2750 loss 0.3186 lr 9.20e-04 wd 0.117 std 1.011 effrank 356.8 varratio 0.318
step 2800 loss 0.3021 lr 9.14e-04 wd 0.119 std 1.011 effrank 360.9 varratio 0.301
step 2850 loss 0.3782 lr 9.08e-04 wd 0.122 std 1.018 effrank 366.2 varratio 0.255
step 2900 loss 0.3596 lr 9.02e-04 wd 0.125 std 1.010 effrank 368.1 varratio 0.257
step 2950 loss 0.3066 lr 8.96e-04 wd 0.127 std 1.022 effrank 369.7 varratio 0.300
step 3000 loss 0.4396 lr 8.90e-04 wd 0.130 std 1.017 effrank 368.0 varratio 0.272
step 3050 loss 0.2794 lr 8.83e-04 wd 0.133 std 1.019 effrank 374.5 varratio 0.338
step 3100 loss 0.2717 lr 8.76e-04 wd 0.135 std 1.022 effrank 378.8 varratio 0.324
step 3150 loss 0.3750 lr 8.70e-04 wd 0.138 std 1.027 effrank 376.8 varratio 0.295
step 3200 loss 0.3518 lr 8.63e-04 wd 0.141 std 1.014 effrank 381.1 varratio 0.278
step 3250 loss 0.3801 lr 8.56e-04 wd 0.144 std 1.020 effrank 382.5 varratio 0.294
step 3300 loss 0.4396 lr 8.48e-04 wd 0.147 std 1.020 effrank 384.9 varratio 0.260
step 3350 loss 0.2875 lr 8.41e-04 wd 0.150 std 1.014 effrank 388.4 varratio 0.298
step 3400 loss 0.3529 lr 8.33e-04 wd 0.153 std 1.015 effrank 389.7 varratio 0.242
step 3450 loss 0.4355 lr 8.25e-04 wd 0.155 std 1.018 effrank 392.3 varratio 0.221
step 3500 loss 0.4175 lr 8.18e-04 wd 0.158 std 1.022 effrank 396.2 varratio 0.255
step 3550 loss 0.4007 lr 8.10e-04 wd 0.161 std 1.029 effrank 395.9 varratio 0.228
step 3600 loss 0.2937 lr 8.02e-04 wd 0.164 std 1.022 effrank 398.1 varratio 0.318
step 3650 loss 0.2604 lr 7.93e-04 wd 0.167 std 1.022 effrank 397.1 varratio 0.315
step 3700 loss 0.3463 lr 7.85e-04 wd 0.170 std 1.018 effrank 403.6 varratio 0.288
step 3750 loss 0.3681 lr 7.76e-04 wd 0.173 std 1.017 effrank 404.9 varratio 0.261
step 3800 loss 0.3233 lr 7.68e-04 wd 0.176 std 1.021 effrank 408.0 varratio 0.308
step 3850 loss 0.2959 lr 7.59e-04 wd 0.180 std 1.024 effrank 405.9 varratio 0.258
step 3900 loss 0.3413 lr 7.50e-04 wd 0.183 std 1.016 effrank 413.1 varratio 0.259
step 3950 loss 0.3311 lr 7.41e-04 wd 0.186 std 1.017 effrank 410.9 varratio 0.302
step 4000 loss 0.3523 lr 7.32e-04 wd 0.189 std 1.020 effrank 415.2 varratio 0.269
step 4050 loss 0.3518 lr 7.23e-04 wd 0.192 std 1.020 effrank 416.6 varratio 0.234
step 4100 loss 0.4064 lr 7.14e-04 wd 0.195 std 1.016 effrank 416.7 varratio 0.267
step 4150 loss 0.3778 lr 7.05e-04 wd 0.198 std 1.018 effrank 415.3 varratio 0.242
step 4200 loss 0.3796 lr 6.95e-04 wd 0.201 std 1.012 effrank 413.1 varratio 0.220
step 4250 loss 0.3116 lr 6.86e-04 wd 0.204 std 1.016 effrank 414.0 varratio 0.256
step 4300 loss 0.4003 lr 6.76e-04 wd 0.207 std 1.022 effrank 418.5 varratio 0.253
step 4350 loss 0.3975 lr 6.67e-04 wd 0.211 std 1.023 effrank 421.8 varratio 0.265
step 4400 loss 0.3534 lr 6.57e-04 wd 0.214 std 1.022 effrank 423.3 varratio 0.308
step 4450 loss 0.2872 lr 6.47e-04 wd 0.217 std 1.016 effrank 422.6 varratio 0.310
step 4500 loss 0.3807 lr 6.37e-04 wd 0.220 std 1.019 effrank 425.5 varratio 0.220
step 4550 loss 0.4529 lr 6.27e-04 wd 0.223 std 1.022 effrank 425.0 varratio 0.232
step 4600 loss 0.4304 lr 6.17e-04 wd 0.226 std 1.022 effrank 428.7 varratio 0.225
step 4650 loss 0.4106 lr 6.07e-04 wd 0.229 std 1.024 effrank 429.8 varratio 0.230
step 4700 loss 0.3944 lr 5.97e-04 wd 0.233 std 1.018 effrank 429.2 varratio 0.244
step 4750 loss 0.3458 lr 5.87e-04 wd 0.236 std 1.023 effrank 428.3 varratio 0.278
step 4800 loss 0.4126 lr 5.77e-04 wd 0.239 std 1.027 effrank 422.0 varratio 0.249
step 4850 loss 0.3328 lr 5.67e-04 wd 0.242 std 1.016 effrank 435.3 varratio 0.260
step 4900 loss 0.3661 lr 5.57e-04 wd 0.245 std 1.024 effrank 434.1 varratio 0.254
step 4950 loss 0.3537 lr 5.47e-04 wd 0.248 std 1.023 effrank 434.5 varratio 0.230
step 5000 loss 0.4004 lr 5.36e-04 wd 0.251 std 1.020 effrank 435.4 varratio 0.223
step 5050 loss 0.3832 lr 5.26e-04 wd 0.254 std 1.019 effrank 431.7 varratio 0.265
step 5100 loss 0.3251 lr 5.16e-04 wd 0.257 std 1.018 effrank 430.9 varratio 0.312
step 5150 loss 0.4117 lr 5.06e-04 wd 0.260 std 1.021 effrank 436.4 varratio 0.244
step 5200 loss 0.3867 lr 4.95e-04 wd 0.264 std 1.019 effrank 436.1 varratio 0.273
step 5250 loss 0.3602 lr 4.85e-04 wd 0.267 std 1.022 effrank 440.8 varratio 0.259
step 5300 loss 0.4174 lr 4.75e-04 wd 0.270 std 1.020 effrank 439.9 varratio 0.225
step 5350 loss 0.3554 lr 4.65e-04 wd 0.273 std 1.020 effrank 440.9 varratio 0.254
step 5400 loss 0.4056 lr 4.54e-04 wd 0.276 std 1.019 effrank 443.9 varratio 0.246
step 5450 loss 0.3564 lr 4.44e-04 wd 0.279 std 1.021 effrank 444.8 varratio 0.243
step 5500 loss 0.3890 lr 4.34e-04 wd 0.282 std 1.024 effrank 439.6 varratio 0.222
step 5550 loss 0.4752 lr 4.24e-04 wd 0.285 std 1.022 effrank 443.4 varratio 0.207
step 5600 loss 0.4031 lr 4.14e-04 wd 0.287 std 1.018 effrank 443.7 varratio 0.238
step 5650 loss 0.3640 lr 4.04e-04 wd 0.290 std 1.022 effrank 443.2 varratio 0.271
step 5700 loss 0.3514 lr 3.94e-04 wd 0.293 std 1.020 effrank 446.7 varratio 0.285
step 5750 loss 0.3683 lr 3.84e-04 wd 0.296 std 1.018 effrank 446.9 varratio 0.281
step 5800 loss 0.4130 lr 3.74e-04 wd 0.299 std 1.017 effrank 447.9 varratio 0.231
step 5850 loss 0.3114 lr 3.64e-04 wd 0.302 std 1.021 effrank 448.5 varratio 0.279
step 5900 loss 0.3936 lr 3.54e-04 wd 0.305 std 1.018 effrank 446.2 varratio 0.230
step 5950 loss 0.3097 lr 3.44e-04 wd 0.307 std 1.023 effrank 449.9 varratio 0.265
step 6000 loss 0.3830 lr 3.34e-04 wd 0.310 std 1.021 effrank 442.7 varratio 0.232
step 6050 loss 0.3111 lr 3.25e-04 wd 0.313 std 1.018 effrank 447.6 varratio 0.291
step 6100 loss 0.3022 lr 3.15e-04 wd 0.315 std 1.022 effrank 448.7 varratio 0.340
step 6150 loss 0.3532 lr 3.06e-04 wd 0.318 std 1.020 effrank 450.3 varratio 0.269
step 6200 loss 0.3811 lr 2.96e-04 wd 0.321 std 1.022 effrank 446.0 varratio 0.245
step 6250 loss 0.4176 lr 2.87e-04 wd 0.323 std 1.019 effrank 449.3 varratio 0.201
step 6300 loss 0.3950 lr 2.78e-04 wd 0.326 std 1.021 effrank 451.2 varratio 0.269
step 6350 loss 0.3056 lr 2.69e-04 wd 0.328 std 1.019 effrank 451.4 varratio 0.268
step 6400 loss 0.4486 lr 2.60e-04 wd 0.331 std 1.029 effrank 442.0 varratio 0.240
step 6450 loss 0.3980 lr 2.51e-04 wd 0.333 std 1.019 effrank 452.9 varratio 0.253
step 6500 loss 0.3772 lr 2.42e-04 wd 0.336 std 1.021 effrank 454.4 varratio 0.262
step 6550 loss 0.3280 lr 2.33e-04 wd 0.338 std 1.023 effrank 452.9 varratio 0.257
step 6600 loss 0.3793 lr 2.25e-04 wd 0.340 std 1.018 effrank 454.4 varratio 0.250
step 6650 loss 0.3550 lr 2.16e-04 wd 0.343 std 1.021 effrank 456.4 varratio 0.281
step 6700 loss 0.4929 lr 2.08e-04 wd 0.345 std 1.023 effrank 453.4 varratio 0.226
step 6750 loss 0.3675 lr 1.99e-04 wd 0.347 std 1.021 effrank 451.5 varratio 0.234
step 6800 loss 0.3861 lr 1.91e-04 wd 0.349 std 1.019 effrank 453.8 varratio 0.280
step 6850 loss 0.4064 lr 1.83e-04 wd 0.352 std 1.024 effrank 451.0 varratio 0.255
step 6900 loss 0.3256 lr 1.76e-04 wd 0.354 std 1.019 effrank 455.3 varratio 0.293
step 6950 loss 0.3459 lr 1.68e-04 wd 0.356 std 1.023 effrank 454.0 varratio 0.271
step 7000 loss 0.4014 lr 1.60e-04 wd 0.358 std 1.022 effrank 449.8 varratio 0.252
step 7050 loss 0.3107 lr 1.53e-04 wd 0.360 std 1.020 effrank 452.9 varratio 0.291
step 7100 loss 0.3615 lr 1.45e-04 wd 0.362 std 1.019 effrank 455.3 varratio 0.270
step 7150 loss 0.3797 lr 1.38e-04 wd 0.364 std 1.020 effrank 454.2 varratio 0.222
step 7200 loss 0.3870 lr 1.31e-04 wd 0.366 std 1.020 effrank 456.6 varratio 0.271
step 7250 loss 0.4055 lr 1.25e-04 wd 0.367 std 1.019 effrank 458.3 varratio 0.254
step 7300 loss 0.3182 lr 1.18e-04 wd 0.369 std 1.022 effrank 455.9 varratio 0.293
step 7350 loss 0.3505 lr 1.11e-04 wd 0.371 std 1.018 effrank 458.6 varratio 0.270
step 7400 loss 0.3665 lr 1.05e-04 wd 0.373 std 1.022 effrank 457.4 varratio 0.245
step 7450 loss 0.4365 lr 9.88e-05 wd 0.374 std 1.021 effrank 457.8 varratio 0.228
step 7500 loss 0.4346 lr 9.28e-05 wd 0.376 std 1.018 effrank 459.4 varratio 0.248
step 7550 loss 0.3060 lr 8.70e-05 wd 0.377 std 1.020 effrank 458.8 varratio 0.264
step 7600 loss 0.3633 lr 8.13e-05 wd 0.379 std 1.021 effrank 459.5 varratio 0.267
step 7650 loss 0.3764 lr 7.58e-05 wd 0.380 std 1.018 effrank 457.9 varratio 0.277
step 7700 loss 0.3684 lr 7.05e-05 wd 0.382 std 1.022 effrank 458.0 varratio 0.249
step 7750 loss 0.4273 lr 6.54e-05 wd 0.383 std 1.017 effrank 457.8 varratio 0.250
step 7800 loss 0.3759 lr 6.04e-05 wd 0.384 std 1.021 effrank 459.2 varratio 0.262
step 7850 loss 0.3794 lr 5.57e-05 wd 0.386 std 1.021 effrank 459.5 varratio 0.269
step 7900 loss 0.3382 lr 5.11e-05 wd 0.387 std 1.018 effrank 461.2 varratio 0.298
step 7950 loss 0.3681 lr 4.67e-05 wd 0.388 std 1.021 effrank 460.1 varratio 0.233
step 8000 loss 0.3998 lr 4.25e-05 wd 0.389 std 1.022 effrank 460.4 varratio 0.257
step 8050 loss 0.3428 lr 3.85e-05 wd 0.390 std 1.020 effrank 460.2 varratio 0.275
step 8100 loss 0.3563 lr 3.47e-05 wd 0.391 std 1.020 effrank 462.5 varratio 0.277
step 8150 loss 0.3431 lr 3.11e-05 wd 0.392 std 1.020 effrank 461.0 varratio 0.258
step 8200 loss 0.3835 lr 2.77e-05 wd 0.393 std 1.018 effrank 460.6 varratio 0.271
step 8250 loss 0.3058 lr 2.45e-05 wd 0.394 std 1.018 effrank 461.4 varratio 0.301
step 8300 loss 0.3507 lr 2.15e-05 wd 0.395 std 1.019 effrank 461.5 varratio 0.273
step 8350 loss 0.3755 lr 1.87e-05 wd 0.395 std 1.019 effrank 460.8 varratio 0.269
step 8400 loss 0.3712 lr 1.61e-05 wd 0.396 std 1.020 effrank 459.4 varratio 0.264
step 8450 loss 0.4106 lr 1.37e-05 wd 0.397 std 1.023 effrank 451.5 varratio 0.259
step 8500 loss 0.3262 lr 1.15e-05 wd 0.397 std 1.020 effrank 461.6 varratio 0.263
step 8550 loss 0.3403 lr 9.50e-06 wd 0.398 std 1.022 effrank 461.0 varratio 0.288
step 8600 loss 0.3068 lr 7.72e-06 wd 0.398 std 1.022 effrank 459.8 varratio 0.298
step 8650 loss 0.3590 lr 6.15e-06 wd 0.399 std 1.018 effrank 461.4 varratio 0.270
step 8700 loss 0.3513 lr 4.79e-06 wd 0.399 std 1.020 effrank 461.7 varratio 0.268
step 8750 loss 0.3046 lr 3.63e-06 wd 0.399 std 1.019 effrank 459.6 varratio 0.292
step 8800 loss 0.3488 lr 2.68e-06 wd 0.400 std 1.020 effrank 462.7 varratio 0.262
step 8850 loss 0.4578 lr 1.95e-06 wd 0.400 std 1.019 effrank 459.0 varratio 0.263
step 8900 loss 0.4173 lr 1.42e-06 wd 0.400 std 1.018 effrank 461.6 varratio 0.256
step 8950 loss 0.3553 lr 1.11e-06 wd 0.400 std 1.019 effrank 461.5 varratio 0.274
[run_matrix] tjepa_h4: linear=15.15 conv=18.98 knn=0.6743 gpu_h=2.13
step 0 loss 1.9983 lr 0.00e+00 wd 0.040 std 0.353 effrank 13.3 varratio 0.049
step 50 loss 1.5770 lr 3.70e-05 wd 0.040 std 0.429 effrank 15.4 varratio 0.036
step 100 loss 1.3250 lr 7.41e-05 wd 0.040 std 0.491 effrank 16.0 varratio 0.035
step 150 loss 1.2287 lr 1.11e-04 wd 0.040 std 0.559 effrank 18.0 varratio 0.014
step 200 loss 1.1246 lr 1.48e-04 wd 0.040 std 0.567 effrank 18.9 varratio 0.010
step 250 loss 0.9759 lr 1.85e-04 wd 0.041 std 0.576 effrank 19.3 varratio 0.007
step 300 loss 0.9675 lr 2.22e-04 wd 0.041 std 0.613 effrank 20.6 varratio 0.005
step 350 loss 0.8842 lr 2.59e-04 wd 0.041 std 0.604 effrank 23.6 varratio 0.006
step 400 loss 0.9170 lr 2.96e-04 wd 0.042 std 0.656 effrank 27.0 varratio 0.011
step 450 loss 1.0475 lr 3.33e-04 wd 0.042 std 0.653 effrank 30.0 varratio 0.022
step 500 loss 0.9861 lr 3.70e-04 wd 0.043 std 0.674 effrank 33.4 varratio 0.013
step 550 loss 0.9892 lr 4.07e-04 wd 0.043 std 0.600 effrank 36.4 varratio 0.029
step 600 loss 0.8449 lr 4.44e-04 wd 0.044 std 0.744 effrank 45.0 varratio 0.139
step 650 loss 0.9612 lr 4.81e-04 wd 0.045 std 0.775 effrank 51.8 varratio 0.117
step 700 loss 0.8093 lr 5.19e-04 wd 0.045 std 0.777 effrank 60.9 varratio 0.161
step 750 loss 0.7851 lr 5.56e-04 wd 0.046 std 0.801 effrank 71.2 varratio 0.186
step 800 loss 0.7732 lr 5.93e-04 wd 0.047 std 0.829 effrank 81.4 varratio 0.189
step 850 loss 0.8209 lr 6.30e-04 wd 0.048 std 0.864 effrank 93.8 varratio 0.227
step 900 loss 0.6971 lr 6.67e-04 wd 0.049 std 0.883 effrank 105.6 varratio 0.247
step 950 loss 0.5860 lr 7.04e-04 wd 0.050 std 0.910 effrank 112.9 varratio 0.304
step 1000 loss 0.6363 lr 7.41e-04 wd 0.051 std 0.918 effrank 118.3 varratio 0.245
step 1050 loss 0.6969 lr 7.78e-04 wd 0.052 std 0.952 effrank 134.3 varratio 0.266
step 1100 loss 0.4742 lr 8.15e-04 wd 0.053 std 0.964 effrank 144.7 varratio 0.332
step 1150 loss 0.4666 lr 8.52e-04 wd 0.054 std 0.974 effrank 156.3 varratio 0.343
step 1200 loss 0.4662 lr 8.89e-04 wd 0.056 std 0.985 effrank 167.3 varratio 0.331
step 1250 loss 0.3678 lr 9.26e-04 wd 0.057 std 0.984 effrank 174.3 varratio 0.439
step 1300 loss 0.3957 lr 9.63e-04 wd 0.058 std 0.995 effrank 185.9 varratio 0.421
step 1350 loss 0.5773 lr 1.00e-03 wd 0.060 std 1.001 effrank 197.7 varratio 0.266
step 1400 loss 0.3724 lr 1.00e-03 wd 0.061 std 0.993 effrank 207.6 varratio 0.382
step 1450 loss 0.5047 lr 1.00e-03 wd 0.063 std 1.003 effrank 213.4 varratio 0.274
step 1500 loss 0.3659 lr 9.99e-04 wd 0.064 std 0.995 effrank 227.8 varratio 0.292
step 1550 loss 0.4465 lr 9.98e-04 wd 0.066 std 1.004 effrank 229.1 varratio 0.282
step 1600 loss 0.5004 lr 9.97e-04 wd 0.067 std 1.002 effrank 236.6 varratio 0.285
step 1650 loss 0.4322 lr 9.96e-04 wd 0.069 std 1.007 effrank 245.1 varratio 0.290
step 1700 loss 0.4231 lr 9.95e-04 wd 0.071 std 1.011 effrank 254.1 varratio 0.276
step 1750 loss 0.3013 lr 9.93e-04 wd 0.073 std 1.015 effrank 258.6 varratio 0.388
step 1800 loss 0.4565 lr 9.91e-04 wd 0.074 std 1.013 effrank 266.5 varratio 0.326
step 1850 loss 0.2604 lr 9.90e-04 wd 0.076 std 1.008 effrank 274.9 varratio 0.391
step 1900 loss 0.3879 lr 9.87e-04 wd 0.078 std 1.012 effrank 280.0 varratio 0.307
step 1950 loss 0.3860 lr 9.85e-04 wd 0.080 std 1.014 effrank 288.3 varratio 0.302
step 2000 loss 0.4050 lr 9.82e-04 wd 0.082 std 1.014 effrank 290.9 varratio 0.303
step 2050 loss 0.3908 lr 9.80e-04 wd 0.084 std 1.008 effrank 295.7 varratio 0.258
step 2100 loss 0.4612 lr 9.76e-04 wd 0.086 std 1.010 effrank 301.3 varratio 0.273
step 2150 loss 0.3952 lr 9.73e-04 wd 0.088 std 1.015 effrank 305.4 varratio 0.272
step 2200 loss 0.3725 lr 9.70e-04 wd 0.091 std 1.011 effrank 311.6 varratio 0.298
step 2250 loss 0.4708 lr 9.66e-04 wd 0.093 std 1.010 effrank 313.4 varratio 0.239
step 2300 loss 0.5355 lr 9.62e-04 wd 0.095 std 1.005 effrank 317.6 varratio 0.272
step 2350 loss 0.4219 lr 9.58e-04 wd 0.097 std 1.006 effrank 309.8 varratio 0.223
step 2400 loss 0.4538 lr 9.54e-04 wd 0.100 std 1.015 effrank 317.1 varratio 0.249
step 2450 loss 0.3527 lr 9.50e-04 wd 0.102 std 1.020 effrank 323.6 varratio 0.272
step 2500 loss 0.3176 lr 9.45e-04 wd 0.104 std 1.019 effrank 328.8 varratio 0.293
step 2550 loss 0.3386 lr 9.41e-04 wd 0.107 std 1.010 effrank 331.9 varratio 0.311
step 2600 loss 0.3161 lr 9.36e-04 wd 0.109 std 1.015 effrank 340.8 varratio 0.287
step 2650 loss 0.3389 lr 9.30e-04 wd 0.112 std 1.018 effrank 344.3 varratio 0.345
step 2700 loss 0.3807 lr 9.25e-04 wd 0.114 std 1.015 effrank 346.3 varratio 0.278
step 2750 loss 0.3765 lr 9.20e-04 wd 0.117 std 1.020 effrank 349.1 varratio 0.257
step 2800 loss 0.3213 lr 9.14e-04 wd 0.119 std 1.019 effrank 354.7 varratio 0.300
step 2850 loss 0.4417 lr 9.08e-04 wd 0.122 std 1.020 effrank 357.2 varratio 0.253
step 2900 loss 0.3825 lr 9.02e-04 wd 0.125 std 1.012 effrank 356.5 varratio 0.257
step 2950 loss 0.4344 lr 8.96e-04 wd 0.127 std 1.021 effrank 359.0 varratio 0.247
step 3000 loss 0.2683 lr 8.90e-04 wd 0.130 std 1.024 effrank 359.2 varratio 0.347
step 3050 loss 0.3586 lr 8.83e-04 wd 0.133 std 1.019 effrank 365.4 varratio 0.276
step 3100 loss 0.2873 lr 8.76e-04 wd 0.135 std 1.023 effrank 366.3 varratio 0.346
step 3150 loss 0.4277 lr 8.70e-04 wd 0.138 std 1.012 effrank 357.0 varratio 0.226
step 3200 loss 0.3839 lr 8.63e-04 wd 0.141 std 1.013 effrank 361.3 varratio 0.287
step 3250 loss 0.4415 lr 8.56e-04 wd 0.144 std 1.017 effrank 364.0 varratio 0.260
step 3300 loss 0.4314 lr 8.48e-04 wd 0.147 std 1.015 effrank 369.1 varratio 0.254
step 3350 loss 0.3484 lr 8.41e-04 wd 0.150 std 1.017 effrank 371.7 varratio 0.276
step 3400 loss 0.3564 lr 8.33e-04 wd 0.153 std 1.018 effrank 377.3 varratio 0.257
step 3450 loss 0.4073 lr 8.25e-04 wd 0.155 std 1.015 effrank 377.8 varratio 0.215
step 3500 loss 0.3374 lr 8.18e-04 wd 0.158 std 1.019 effrank 383.3 varratio 0.272
step 3550 loss 0.3881 lr 8.10e-04 wd 0.161 std 1.023 effrank 386.6 varratio 0.258
step 3600 loss 0.3798 lr 8.02e-04 wd 0.164 std 1.019 effrank 388.5 varratio 0.284
step 3650 loss 0.2640 lr 7.93e-04 wd 0.167 std 1.015 effrank 388.4 varratio 0.361
step 3700 loss 0.2968 lr 7.85e-04 wd 0.170 std 1.017 effrank 394.0 varratio 0.342
step 3750 loss 0.3016 lr 7.76e-04 wd 0.173 std 1.018 effrank 397.5 varratio 0.346
step 3800 loss 0.4009 lr 7.68e-04 wd 0.176 std 1.015 effrank 396.9 varratio 0.299
step 3850 loss 0.3646 lr 7.59e-04 wd 0.180 std 1.020 effrank 399.3 varratio 0.254
step 3900 loss 0.3934 lr 7.50e-04 wd 0.183 std 1.020 effrank 401.6 varratio 0.269
step 3950 loss 0.4428 lr 7.41e-04 wd 0.186 std 1.018 effrank 401.0 varratio 0.236
step 4000 loss 0.4427 lr 7.32e-04 wd 0.189 std 1.023 effrank 406.2 varratio 0.250
step 4050 loss 0.3577 lr 7.23e-04 wd 0.192 std 1.020 effrank 406.1 varratio 0.246
step 4100 loss 0.3816 lr 7.14e-04 wd 0.195 std 1.019 effrank 407.1 varratio 0.244
step 4150 loss 0.4148 lr 7.05e-04 wd 0.198 std 1.019 effrank 404.8 varratio 0.236
step 4200 loss 0.3298 lr 6.95e-04 wd 0.201 std 1.015 effrank 406.9 varratio 0.272
step 4250 loss 0.4588 lr 6.86e-04 wd 0.204 std 1.018 effrank 406.3 varratio 0.219
step 4300 loss 0.3984 lr 6.76e-04 wd 0.207 std 1.020 effrank 408.8 varratio 0.278
step 4350 loss 0.4462 lr 6.67e-04 wd 0.211 std 1.024 effrank 411.2 varratio 0.238
step 4400 loss 0.3923 lr 6.57e-04 wd 0.214 std 1.023 effrank 414.9 varratio 0.281
step 4450 loss 0.3645 lr 6.47e-04 wd 0.217 std 1.017 effrank 415.0 varratio 0.276
step 4500 loss 0.4065 lr 6.37e-04 wd 0.220 std 1.020 effrank 415.2 varratio 0.233
step 4550 loss 0.3750 lr 6.27e-04 wd 0.223 std 1.021 effrank 417.0 varratio 0.274
step 4600 loss 0.3997 lr 6.17e-04 wd 0.226 std 1.024 effrank 417.9 varratio 0.258
step 4650 loss 0.3581 lr 6.07e-04 wd 0.229 std 1.022 effrank 421.7 varratio 0.296
step 4700 loss 0.4427 lr 5.97e-04 wd 0.233 std 1.025 effrank 422.1 varratio 0.245
step 4750 loss 0.3819 lr 5.87e-04 wd 0.236 std 1.020 effrank 423.2 varratio 0.261
step 4800 loss 0.3885 lr 5.77e-04 wd 0.239 std 1.025 effrank 419.0 varratio 0.287
step 4850 loss 0.4190 lr 5.67e-04 wd 0.242 std 1.021 effrank 425.8 varratio 0.258
step 4900 loss 0.3435 lr 5.57e-04 wd 0.245 std 1.020 effrank 427.0 varratio 0.297
step 4950 loss 0.3555 lr 5.47e-04 wd 0.248 std 1.024 effrank 427.6 varratio 0.264
step 5000 loss 0.4527 lr 5.36e-04 wd 0.251 std 1.020 effrank 425.6 varratio 0.211
step 5050 loss 0.3576 lr 5.26e-04 wd 0.254 std 1.020 effrank 425.9 varratio 0.309
step 5100 loss 0.4346 lr 5.16e-04 wd 0.257 std 1.023 effrank 424.8 varratio 0.266
step 5150 loss 0.4446 lr 5.06e-04 wd 0.260 std 1.020 effrank 430.1 varratio 0.262
step 5200 loss 0.4033 lr 4.95e-04 wd 0.264 std 1.018 effrank 428.2 varratio 0.263
step 5250 loss 0.4249 lr 4.85e-04 wd 0.267 std 1.021 effrank 432.7 varratio 0.265
step 5300 loss 0.3675 lr 4.75e-04 wd 0.270 std 1.018 effrank 432.4 varratio 0.275
step 5350 loss 0.4233 lr 4.65e-04 wd 0.273 std 1.021 effrank 432.2 varratio 0.294
step 5400 loss 0.4055 lr 4.54e-04 wd 0.276 std 1.018 effrank 433.5 varratio 0.288
step 5450 loss 0.3797 lr 4.44e-04 wd 0.279 std 1.023 effrank 436.0 varratio 0.278
step 5500 loss 0.4442 lr 4.34e-04 wd 0.282 std 1.022 effrank 436.8 varratio 0.237
step 5550 loss 0.4381 lr 4.24e-04 wd 0.285 std 1.021 effrank 435.0 varratio 0.260
step 5600 loss 0.4752 lr 4.14e-04 wd 0.287 std 1.020 effrank 437.6 varratio 0.241
step 5650 loss 0.4502 lr 4.04e-04 wd 0.290 std 1.019 effrank 436.9 varratio 0.265
step 5700 loss 0.3360 lr 3.94e-04 wd 0.293 std 1.017 effrank 439.1 varratio 0.330
step 5750 loss 0.4015 lr 3.84e-04 wd 0.296 std 1.020 effrank 437.1 varratio 0.270
step 5800 loss 0.4278 lr 3.74e-04 wd 0.299 std 1.019 effrank 440.6 varratio 0.250
step 5850 loss 0.3637 lr 3.64e-04 wd 0.302 std 1.019 effrank 439.3 varratio 0.284
step 5900 loss 0.3589 lr 3.54e-04 wd 0.305 std 1.022 effrank 439.6 varratio 0.286
step 5950 loss 0.4811 lr 3.44e-04 wd 0.307 std 1.022 effrank 443.4 varratio 0.255
step 6000 loss 0.3712 lr 3.34e-04 wd 0.310 std 1.022 effrank 438.7 varratio 0.292
step 6050 loss 0.3854 lr 3.25e-04 wd 0.313 std 1.020 effrank 442.1 varratio 0.262
step 6100 loss 0.3789 lr 3.15e-04 wd 0.315 std 1.022 effrank 444.8 varratio 0.305
step 6150 loss 0.4233 lr 3.06e-04 wd 0.318 std 1.021 effrank 444.3 varratio 0.276
step 6200 loss 0.3805 lr 2.96e-04 wd 0.321 std 1.021 effrank 441.2 varratio 0.281
step 6250 loss 0.3577 lr 2.87e-04 wd 0.323 std 1.019 effrank 444.4 varratio 0.286
step 6300 loss 0.3841 lr 2.78e-04 wd 0.326 std 1.018 effrank 444.4 varratio 0.269
step 6350 loss 0.3927 lr 2.69e-04 wd 0.328 std 1.018 effrank 445.9 varratio 0.289
step 6400 loss 0.3561 lr 2.60e-04 wd 0.331 std 1.022 effrank 441.0 varratio 0.310
step 6450 loss 0.4647 lr 2.51e-04 wd 0.333 std 1.021 effrank 445.3 varratio 0.274
step 6500 loss 0.4189 lr 2.42e-04 wd 0.336 std 1.019 effrank 446.9 varratio 0.251
step 6550 loss 0.3879 lr 2.33e-04 wd 0.338 std 1.017 effrank 447.2 varratio 0.275
step 6600 loss 0.3733 lr 2.25e-04 wd 0.340 std 1.020 effrank 446.1 varratio 0.303
step 6650 loss 0.3659 lr 2.16e-04 wd 0.343 std 1.020 effrank 447.9 varratio 0.289
step 6700 loss 0.4577 lr 2.08e-04 wd 0.345 std 1.020 effrank 446.8 varratio 0.261
step 6750 loss 0.3572 lr 1.99e-04 wd 0.347 std 1.023 effrank 446.1 varratio 0.278
step 6800 loss 0.3648 lr 1.91e-04 wd 0.349 std 1.019 effrank 447.9 varratio 0.305
step 6850 loss 0.3868 lr 1.83e-04 wd 0.352 std 1.020 effrank 447.4 varratio 0.269
step 6900 loss 0.3847 lr 1.76e-04 wd 0.354 std 1.020 effrank 448.6 varratio 0.288
step 6950 loss 0.4063 lr 1.68e-04 wd 0.356 std 1.021 effrank 448.5 varratio 0.258
step 7000 loss 0.3985 lr 1.60e-04 wd 0.358 std 1.021 effrank 446.5 varratio 0.280
step 7050 loss 0.3832 lr 1.53e-04 wd 0.360 std 1.021 effrank 447.5 varratio 0.278
step 7100 loss 0.5285 lr 1.45e-04 wd 0.362 std 1.022 effrank 449.1 varratio 0.242
step 7150 loss 0.4142 lr 1.38e-04 wd 0.364 std 1.019 effrank 451.3 varratio 0.246
step 7200 loss 0.5001 lr 1.31e-04 wd 0.366 std 1.018 effrank 450.4 varratio 0.264
step 7250 loss 0.3139 lr 1.25e-04 wd 0.367 std 1.019 effrank 454.3 varratio 0.319
step 7300 loss 0.4799 lr 1.18e-04 wd 0.369 std 1.022 effrank 452.0 varratio 0.281
step 7350 loss 0.3644 lr 1.11e-04 wd 0.371 std 1.019 effrank 452.9 varratio 0.289
step 7400 loss 0.4258 lr 1.05e-04 wd 0.373 std 1.021 effrank 451.2 varratio 0.282
step 7450 loss 0.4423 lr 9.88e-05 wd 0.374 std 1.020 effrank 453.6 varratio 0.285
step 7500 loss 0.4078 lr 9.28e-05 wd 0.376 std 1.019 effrank 453.3 varratio 0.283
step 7550 loss 0.3558 lr 8.70e-05 wd 0.377 std 1.019 effrank 454.0 varratio 0.284
step 7600 loss 0.3755 lr 8.13e-05 wd 0.379 std 1.019 effrank 454.1 varratio 0.299
step 7650 loss 0.3873 lr 7.58e-05 wd 0.380 std 1.018 effrank 452.5 varratio 0.301
step 7700 loss 0.3777 lr 7.05e-05 wd 0.382 std 1.020 effrank 452.0 varratio 0.276
step 7750 loss 0.3515 lr 6.54e-05 wd 0.383 std 1.020 effrank 453.7 varratio 0.288
step 7800 loss 0.3989 lr 6.04e-05 wd 0.384 std 1.019 effrank 452.6 varratio 0.298
step 7850 loss 0.4112 lr 5.57e-05 wd 0.386 std 1.019 effrank 454.1 varratio 0.270
step 7900 loss 0.3458 lr 5.11e-05 wd 0.387 std 1.017 effrank 453.5 varratio 0.310
step 7950 loss 0.3760 lr 4.67e-05 wd 0.388 std 1.019 effrank 452.4 varratio 0.265
step 8000 loss 0.4570 lr 4.25e-05 wd 0.389 std 1.019 effrank 455.4 varratio 0.272
step 8050 loss 0.3831 lr 3.85e-05 wd 0.390 std 1.018 effrank 456.1 varratio 0.278
step 8100 loss 0.3630 lr 3.47e-05 wd 0.391 std 1.019 effrank 456.1 varratio 0.286
step 8150 loss 0.4197 lr 3.11e-05 wd 0.392 std 1.020 effrank 453.9 varratio 0.269
step 8200 loss 0.4224 lr 2.77e-05 wd 0.393 std 1.018 effrank 455.0 varratio 0.283
step 8250 loss 0.4196 lr 2.45e-05 wd 0.394 std 1.020 effrank 455.1 varratio 0.283
step 8300 loss 0.3920 lr 2.15e-05 wd 0.395 std 1.020 effrank 455.1 varratio 0.268
step 8350 loss 0.4465 lr 1.87e-05 wd 0.395 std 1.020 effrank 455.5 varratio 0.279
step 8400 loss 0.4458 lr 1.61e-05 wd 0.396 std 1.019 effrank 455.0 varratio 0.284
step 8450 loss 0.3498 lr 1.37e-05 wd 0.397 std 1.022 effrank 446.4 varratio 0.293
step 8500 loss 0.4545 lr 1.15e-05 wd 0.397 std 1.018 effrank 454.2 varratio 0.242
step 8550 loss 0.3702 lr 9.50e-06 wd 0.398 std 1.020 effrank 455.4 varratio 0.287
step 8600 loss 0.4322 lr 7.72e-06 wd 0.398 std 1.019 effrank 454.7 varratio 0.246
step 8650 loss 0.4405 lr 6.15e-06 wd 0.399 std 1.018 effrank 455.2 varratio 0.256
step 8700 loss 0.4102 lr 4.79e-06 wd 0.399 std 1.019 effrank 456.0 varratio 0.269
step 8750 loss 0.4063 lr 3.63e-06 wd 0.399 std 1.018 effrank 451.6 varratio 0.294
step 8800 loss 0.4499 lr 2.68e-06 wd 0.400 std 1.018 effrank 455.2 varratio 0.271
step 8850 loss 0.4721 lr 1.95e-06 wd 0.400 std 1.016 effrank 452.8 varratio 0.270
step 8900 loss 0.4435 lr 1.42e-06 wd 0.400 std 1.018 effrank 455.4 varratio 0.274
step 8950 loss 0.4036 lr 1.11e-06 wd 0.400 std 1.018 effrank 454.5 varratio 0.280
[run_matrix] tjepa_h8: linear=17.07 conv=21.85 knn=0.6763 gpu_h=2.13
step 0 loss 1.9632 lr 0.00e+00 wd 0.040 std 0.367 effrank 14.6 varratio 0.087
step 50 loss 1.6881 lr 3.70e-05 wd 0.040 std 0.484 effrank 15.5 varratio 0.078
step 100 loss 1.5166 lr 7.41e-05 wd 0.040 std 0.508 effrank 16.4 varratio 0.049
step 150 loss 1.2568 lr 1.11e-04 wd 0.040 std 0.566 effrank 18.9 varratio 0.040
step 200 loss 1.2225 lr 1.48e-04 wd 0.040 std 0.552 effrank 19.2 varratio 0.026
step 250 loss 1.0742 lr 1.85e-04 wd 0.041 std 0.545 effrank 19.3 varratio 0.019
step 300 loss 0.9858 lr 2.22e-04 wd 0.041 std 0.580 effrank 21.8 varratio 0.017
step 350 loss 1.0183 lr 2.59e-04 wd 0.041 std 0.534 effrank 24.9 varratio 0.012
step 400 loss 1.0519 lr 2.96e-04 wd 0.042 std 0.449 effrank 22.4 varratio 0.012
step 450 loss 1.1031 lr 3.33e-04 wd 0.042 std 0.649 effrank 23.4 varratio 0.015
step 500 loss 1.0126 lr 3.70e-04 wd 0.043 std 0.618 effrank 23.7 varratio 0.024
step 550 loss 1.0145 lr 4.07e-04 wd 0.043 std 0.635 effrank 27.8 varratio 0.041
step 600 loss 0.9678 lr 4.44e-04 wd 0.044 std 0.651 effrank 33.1 varratio 0.123
step 650 loss 1.0682 lr 4.81e-04 wd 0.045 std 0.678 effrank 37.4 varratio 0.140
step 700 loss 0.8563 lr 5.19e-04 wd 0.045 std 0.725 effrank 42.5 varratio 0.152
step 750 loss 0.8376 lr 5.56e-04 wd 0.046 std 0.748 effrank 51.0 varratio 0.171
step 800 loss 0.8918 lr 5.93e-04 wd 0.047 std 0.813 effrank 58.5 varratio 0.230
step 850 loss 0.7388 lr 6.30e-04 wd 0.048 std 0.812 effrank 73.2 varratio 0.193
step 900 loss 0.7236 lr 6.67e-04 wd 0.049 std 0.841 effrank 86.0 varratio 0.254
step 950 loss 0.7020 lr 7.04e-04 wd 0.050 std 0.866 effrank 95.0 varratio 0.283
step 1000 loss 0.6302 lr 7.41e-04 wd 0.051 std 0.881 effrank 109.9 varratio 0.350
step 1050 loss 0.7898 lr 7.78e-04 wd 0.052 std 0.898 effrank 119.5 varratio 0.282
step 1100 loss 0.6866 lr 8.15e-04 wd 0.053 std 0.909 effrank 132.6 varratio 0.282
step 1150 loss 0.5770 lr 8.52e-04 wd 0.054 std 0.943 effrank 145.1 varratio 0.317
step 1200 loss 0.5215 lr 8.89e-04 wd 0.056 std 0.944 effrank 137.7 varratio 0.242
step 1250 loss 0.6933 lr 9.26e-04 wd 0.057 std 0.955 effrank 154.3 varratio 0.263
step 1300 loss 0.6591 lr 9.63e-04 wd 0.058 std 0.979 effrank 164.3 varratio 0.299
step 1350 loss 0.7575 lr 1.00e-03 wd 0.060 std 0.977 effrank 182.2 varratio 0.218
step 1400 loss 0.3997 lr 1.00e-03 wd 0.061 std 0.992 effrank 187.4 varratio 0.405
step 1450 loss 0.5414 lr 1.00e-03 wd 0.063 std 0.990 effrank 203.8 varratio 0.284
step 1500 loss 0.3606 lr 9.99e-04 wd 0.064 std 1.002 effrank 217.7 varratio 0.381
step 1550 loss 0.4542 lr 9.98e-04 wd 0.066 std 0.989 effrank 226.4 varratio 0.327
step 1600 loss 0.4876 lr 9.97e-04 wd 0.067 std 1.000 effrank 234.6 varratio 0.294
step 1650 loss 0.4500 lr 9.96e-04 wd 0.069 std 1.007 effrank 245.6 varratio 0.299
step 1700 loss 0.4684 lr 9.95e-04 wd 0.071 std 0.999 effrank 257.1 varratio 0.269
step 1750 loss 0.4082 lr 9.93e-04 wd 0.073 std 0.999 effrank 236.9 varratio 0.247
step 1800 loss 0.4569 lr 9.91e-04 wd 0.074 std 1.000 effrank 247.0 varratio 0.292
step 1850 loss 0.3466 lr 9.90e-04 wd 0.076 std 1.006 effrank 258.8 varratio 0.324
step 1900 loss 0.4971 lr 9.87e-04 wd 0.078 std 1.010 effrank 263.6 varratio 0.266
step 1950 loss 0.4632 lr 9.85e-04 wd 0.080 std 1.020 effrank 269.3 varratio 0.296
step 2000 loss 0.3601 lr 9.82e-04 wd 0.082 std 1.011 effrank 282.8 varratio 0.313
step 2050 loss 0.3589 lr 9.80e-04 wd 0.084 std 1.017 effrank 291.8 varratio 0.315
step 2100 loss 0.4044 lr 9.76e-04 wd 0.086 std 1.021 effrank 294.7 varratio 0.270
step 2150 loss 0.3161 lr 9.73e-04 wd 0.088 std 1.021 effrank 301.5 varratio 0.330
step 2200 loss 0.3893 lr 9.70e-04 wd 0.091 std 1.012 effrank 309.2 varratio 0.253
step 2250 loss 0.4016 lr 9.66e-04 wd 0.093 std 1.005 effrank 313.8 varratio 0.260
step 2300 loss 0.4480 lr 9.62e-04 wd 0.095 std 1.023 effrank 320.0 varratio 0.261
step 2350 loss 0.4664 lr 9.58e-04 wd 0.097 std 1.016 effrank 322.9 varratio 0.219
step 2400 loss 0.3143 lr 9.54e-04 wd 0.100 std 1.018 effrank 327.5 varratio 0.323
step 2450 loss 0.3524 lr 9.50e-04 wd 0.102 std 1.015 effrank 332.5 varratio 0.275
step 2500 loss 0.3644 lr 9.45e-04 wd 0.104 std 1.010 effrank 333.0 varratio 0.291
step 2550 loss 0.3674 lr 9.41e-04 wd 0.107 std 1.016 effrank 341.7 varratio 0.285
step 2600 loss 0.4922 lr 9.36e-04 wd 0.109 std 1.003 effrank 342.5 varratio 0.253
step 2650 loss 0.4633 lr 9.30e-04 wd 0.112 std 1.017 effrank 346.8 varratio 0.233
step 2700 loss 0.3894 lr 9.25e-04 wd 0.114 std 1.020 effrank 350.1 varratio 0.259
step 2750 loss 0.4326 lr 9.20e-04 wd 0.117 std 1.016 effrank 347.0 varratio 0.190
step 2800 loss 0.2693 lr 9.14e-04 wd 0.119 std 1.015 effrank 345.9 varratio 0.306
step 2850 loss 0.3827 lr 9.08e-04 wd 0.122 std 1.018 effrank 350.8 varratio 0.297
step 2900 loss 0.4559 lr 9.02e-04 wd 0.125 std 1.016 effrank 357.0 varratio 0.237
step 2950 loss 0.3515 lr 8.96e-04 wd 0.127 std 1.019 effrank 357.4 varratio 0.320
step 3000 loss 0.3604 lr 8.90e-04 wd 0.130 std 1.012 effrank 361.4 varratio 0.281
step 3050 loss 0.3913 lr 8.83e-04 wd 0.133 std 1.024 effrank 359.4 varratio 0.267
step 3100 loss 0.4475 lr 8.76e-04 wd 0.135 std 1.023 effrank 369.7 varratio 0.232
step 3150 loss 0.4976 lr 8.70e-04 wd 0.138 std 1.020 effrank 370.1 varratio 0.218
step 3200 loss 0.3689 lr 8.63e-04 wd 0.141 std 1.022 effrank 373.7 varratio 0.269
step 3250 loss 0.3891 lr 8.56e-04 wd 0.144 std 1.012 effrank 371.9 varratio 0.278
step 3300 loss 0.2895 lr 8.48e-04 wd 0.147 std 1.015 effrank 376.8 varratio 0.300
step 3350 loss 0.4593 lr 8.41e-04 wd 0.150 std 1.024 effrank 371.8 varratio 0.264
step 3400 loss 0.3399 lr 8.33e-04 wd 0.153 std 1.011 effrank 377.1 varratio 0.280
step 3450 loss 0.3114 lr 8.25e-04 wd 0.155 std 1.020 effrank 374.5 varratio 0.239
step 3500 loss 0.4348 lr 8.18e-04 wd 0.158 std 1.016 effrank 381.4 varratio 0.207
step 3550 loss 0.4255 lr 8.10e-04 wd 0.161 std 1.018 effrank 385.5 varratio 0.227
step 3600 loss 0.3484 lr 8.02e-04 wd 0.164 std 1.026 effrank 383.3 varratio 0.250
step 3650 loss 0.4002 lr 7.93e-04 wd 0.167 std 1.016 effrank 389.3 varratio 0.184
step 3700 loss 0.4281 lr 7.85e-04 wd 0.170 std 1.021 effrank 386.7 varratio 0.198
step 3750 loss 0.4603 lr 7.76e-04 wd 0.173 std 1.012 effrank 387.6 varratio 0.212
step 3800 loss 0.4212 lr 7.68e-04 wd 0.176 std 1.017 effrank 387.5 varratio 0.275
step 3850 loss 0.4440 lr 7.59e-04 wd 0.180 std 1.009 effrank 388.1 varratio 0.148
step 3900 loss 0.3133 lr 7.50e-04 wd 0.183 std 1.026 effrank 367.9 varratio 0.229
step 3950 loss 0.3469 lr 7.41e-04 wd 0.186 std 1.019 effrank 383.3 varratio 0.218
step 4000 loss 0.4065 lr 7.32e-04 wd 0.189 std 1.022 effrank 388.7 varratio 0.246
step 4050 loss 0.4510 lr 7.23e-04 wd 0.192 std 1.011 effrank 390.9 varratio 0.221
step 4100 loss 0.3771 lr 7.14e-04 wd 0.195 std 1.027 effrank 387.6 varratio 0.220
step 4150 loss 0.3475 lr 7.05e-04 wd 0.198 std 1.018 effrank 388.9 varratio 0.248
step 4200 loss 0.4311 lr 6.95e-04 wd 0.201 std 1.018 effrank 384.9 varratio 0.180
step 4250 loss 0.3578 lr 6.86e-04 wd 0.204 std 1.024 effrank 378.3 varratio 0.234
step 4300 loss 0.3304 lr 6.76e-04 wd 0.207 std 1.017 effrank 388.9 varratio 0.269
step 4350 loss 0.4533 lr 6.67e-04 wd 0.211 std 1.015 effrank 381.8 varratio 0.226
step 4400 loss 0.4418 lr 6.57e-04 wd 0.214 std 1.019 effrank 382.3 varratio 0.232
step 4450 loss 0.3277 lr 6.47e-04 wd 0.217 std 1.023 effrank 392.6 varratio 0.274
step 4500 loss 0.4458 lr 6.37e-04 wd 0.220 std 1.029 effrank 384.3 varratio 0.232
step 4550 loss 0.4188 lr 6.27e-04 wd 0.223 std 1.027 effrank 375.7 varratio 0.244
step 4600 loss 0.4251 lr 6.17e-04 wd 0.226 std 1.016 effrank 379.4 varratio 0.232
step 4650 loss 0.4010 lr 6.07e-04 wd 0.229 std 1.028 effrank 382.8 varratio 0.246
step 4700 loss 0.4851 lr 5.97e-04 wd 0.233 std 1.019 effrank 378.4 varratio 0.222
step 4750 loss 0.3587 lr 5.87e-04 wd 0.236 std 1.021 effrank 385.8 varratio 0.227
step 4800 loss 0.4031 lr 5.77e-04 wd 0.239 std 1.025 effrank 380.2 varratio 0.233
step 4850 loss 0.3716 lr 5.67e-04 wd 0.242 std 1.028 effrank 385.5 varratio 0.188
step 4900 loss 0.3657 lr 5.57e-04 wd 0.245 std 1.020 effrank 385.8 varratio 0.288
step 4950 loss 0.5385 lr 5.47e-04 wd 0.248 std 1.019 effrank 398.6 varratio 0.188
step 5000 loss 0.3701 lr 5.36e-04 wd 0.251 std 1.012 effrank 390.7 varratio 0.236
step 5050 loss 0.3833 lr 5.26e-04 wd 0.254 std 1.019 effrank 383.1 varratio 0.250
step 5100 loss 0.4267 lr 5.16e-04 wd 0.257 std 1.029 effrank 368.4 varratio 0.229
step 5150 loss 0.4407 lr 5.06e-04 wd 0.260 std 1.009 effrank 375.5 varratio 0.211
step 5200 loss 0.5122 lr 4.95e-04 wd 0.264 std 1.021 effrank 374.2 varratio 0.211
step 5250 loss 0.3336 lr 4.85e-04 wd 0.267 std 1.018 effrank 382.6 varratio 0.255
step 5300 loss 0.3623 lr 4.75e-04 wd 0.270 std 1.018 effrank 386.3 varratio 0.189
step 5350 loss 0.3729 lr 4.65e-04 wd 0.273 std 1.024 effrank 384.1 varratio 0.216
step 5400 loss 0.3362 lr 4.54e-04 wd 0.276 std 1.026 effrank 385.8 varratio 0.225
step 5450 loss 0.3908 lr 4.44e-04 wd 0.279 std 1.012 effrank 389.6 varratio 0.235
step 5500 loss 0.3829 lr 4.34e-04 wd 0.282 std 1.021 effrank 387.6 varratio 0.224
step 5550 loss 0.3919 lr 4.24e-04 wd 0.285 std 1.023 effrank 377.3 varratio 0.168
step 5600 loss 0.3800 lr 4.14e-04 wd 0.287 std 1.025 effrank 377.2 varratio 0.214
step 5650 loss 0.4527 lr 4.04e-04 wd 0.290 std 1.021 effrank 397.0 varratio 0.210
step 5700 loss 0.3601 lr 3.94e-04 wd 0.293 std 1.021 effrank 400.0 varratio 0.277
step 5750 loss 0.3864 lr 3.84e-04 wd 0.296 std 1.017 effrank 405.6 varratio 0.230
step 5800 loss 0.4021 lr 3.74e-04 wd 0.299 std 1.020 effrank 405.6 varratio 0.212
step 5850 loss 0.3725 lr 3.64e-04 wd 0.302 std 1.021 effrank 405.6 varratio 0.255
step 5900 loss 0.4010 lr 3.54e-04 wd 0.305 std 1.025 effrank 405.5 varratio 0.194
step 5950 loss 0.3630 lr 3.44e-04 wd 0.307 std 1.021 effrank 408.7 varratio 0.215
step 6000 loss 0.3936 lr 3.34e-04 wd 0.310 std 1.021 effrank 408.3 varratio 0.226
step 6050 loss 0.4078 lr 3.25e-04 wd 0.313 std 1.023 effrank 408.5 varratio 0.204
step 6100 loss 0.4097 lr 3.15e-04 wd 0.315 std 1.013 effrank 412.3 varratio 0.207
step 6150 loss 0.3736 lr 3.06e-04 wd 0.318 std 1.016 effrank 411.3 varratio 0.234
step 6200 loss 0.3922 lr 2.96e-04 wd 0.321 std 1.021 effrank 410.5 varratio 0.217
step 6250 loss 0.3623 lr 2.87e-04 wd 0.323 std 1.021 effrank 412.0 varratio 0.207
step 6300 loss 0.4046 lr 2.78e-04 wd 0.326 std 1.013 effrank 410.7 varratio 0.224
step 6350 loss 0.4409 lr 2.69e-04 wd 0.328 std 1.015 effrank 397.5 varratio 0.221
step 6400 loss 0.2892 lr 2.60e-04 wd 0.331 std 1.031 effrank 397.0 varratio 0.320
step 6450 loss 0.3367 lr 2.51e-04 wd 0.333 std 1.030 effrank 398.0 varratio 0.269
step 6500 loss 0.4680 lr 2.42e-04 wd 0.336 std 1.022 effrank 409.8 varratio 0.202
step 6550 loss 0.3880 lr 2.33e-04 wd 0.338 std 1.018 effrank 415.2 varratio 0.217
step 6600 loss 0.3935 lr 2.25e-04 wd 0.340 std 1.016 effrank 419.0 varratio 0.217
step 6650 loss 0.3636 lr 2.16e-04 wd 0.343 std 1.019 effrank 418.2 varratio 0.224
step 6700 loss 0.4561 lr 2.08e-04 wd 0.345 std 1.022 effrank 420.1 varratio 0.217
step 6750 loss 0.3840 lr 1.99e-04 wd 0.347 std 1.016 effrank 420.0 varratio 0.196
step 6800 loss 0.4215 lr 1.91e-04 wd 0.349 std 1.019 effrank 421.1 varratio 0.230
step 6850 loss 0.4754 lr 1.83e-04 wd 0.352 std 1.017 effrank 423.7 varratio 0.185
step 6900 loss 0.4991 lr 1.76e-04 wd 0.354 std 1.019 effrank 421.5 varratio 0.191
step 6950 loss 0.4274 lr 1.68e-04 wd 0.356 std 1.017 effrank 418.4 varratio 0.220
step 7000 loss 0.3744 lr 1.60e-04 wd 0.358 std 1.018 effrank 420.1 varratio 0.182
step 7050 loss 0.4748 lr 1.53e-04 wd 0.360 std 1.015 effrank 426.9 varratio 0.191
step 7100 loss 0.4053 lr 1.45e-04 wd 0.362 std 1.024 effrank 413.7 varratio 0.212
step 7150 loss 0.4725 lr 1.38e-04 wd 0.364 std 1.018 effrank 417.3 varratio 0.204
step 7200 loss 0.4619 lr 1.31e-04 wd 0.366 std 1.017 effrank 423.8 varratio 0.195
step 7250 loss 0.3698 lr 1.25e-04 wd 0.367 std 1.023 effrank 421.8 varratio 0.247
step 7300 loss 0.3014 lr 1.18e-04 wd 0.369 std 1.021 effrank 424.5 varratio 0.308
step 7350 loss 0.4875 lr 1.11e-04 wd 0.371 std 1.022 effrank 428.0 varratio 0.197
step 7400 loss 0.5792 lr 1.05e-04 wd 0.373 std 1.024 effrank 431.1 varratio 0.167
step 7450 loss 0.3792 lr 9.88e-05 wd 0.374 std 1.021 effrank 432.1 varratio 0.249
step 7500 loss 0.4455 lr 9.28e-05 wd 0.376 std 1.018 effrank 431.6 varratio 0.232
step 7550 loss 0.4896 lr 8.70e-05 wd 0.377 std 1.023 effrank 427.2 varratio 0.217
step 7600 loss 0.4099 lr 8.13e-05 wd 0.379 std 1.019 effrank 432.5 varratio 0.198
step 7650 loss 0.4420 lr 7.58e-05 wd 0.380 std 1.019 effrank 426.5 varratio 0.235
step 7700 loss 0.4374 lr 7.05e-05 wd 0.382 std 1.017 effrank 430.4 varratio 0.230
step 7750 loss 0.3546 lr 6.54e-05 wd 0.383 std 1.017 effrank 429.2 varratio 0.260
step 7800 loss 0.4037 lr 6.04e-05 wd 0.384 std 1.022 effrank 432.4 varratio 0.243
step 7850 loss 0.4872 lr 5.57e-05 wd 0.386 std 1.023 effrank 435.0 varratio 0.164
step 7900 loss 0.4628 lr 5.11e-05 wd 0.387 std 1.022 effrank 433.9 varratio 0.198
step 7950 loss 0.5549 lr 4.67e-05 wd 0.388 std 1.022 effrank 435.4 varratio 0.177
step 8000 loss 0.4223 lr 4.25e-05 wd 0.389 std 1.019 effrank 433.3 varratio 0.215
step 8050 loss 0.3588 lr 3.85e-05 wd 0.390 std 1.019 effrank 435.0 varratio 0.280
step 8100 loss 0.4905 lr 3.47e-05 wd 0.391 std 1.020 effrank 432.9 varratio 0.186
step 8150 loss 0.3423 lr 3.11e-05 wd 0.392 std 1.016 effrank 427.1 varratio 0.300
step 8200 loss 0.5084 lr 2.77e-05 wd 0.393 std 1.020 effrank 435.0 varratio 0.222
step 8250 loss 0.5051 lr 2.45e-05 wd 0.394 std 1.020 effrank 437.0 varratio 0.210
step 8300 loss 0.3520 lr 2.15e-05 wd 0.395 std 1.021 effrank 439.1 varratio 0.256
step 8350 loss 0.3989 lr 1.87e-05 wd 0.395 std 1.017 effrank 431.5 varratio 0.243
step 8400 loss 0.4259 lr 1.61e-05 wd 0.396 std 1.019 effrank 433.7 varratio 0.229
step 8450 loss 0.4078 lr 1.37e-05 wd 0.397 std 1.017 effrank 428.9 varratio 0.231
step 8500 loss 0.3969 lr 1.15e-05 wd 0.397 std 1.022 effrank 438.9 varratio 0.245
step 8550 loss 0.3257 lr 9.50e-06 wd 0.398 std 1.017 effrank 437.0 varratio 0.270
step 8600 loss 0.3382 lr 7.72e-06 wd 0.398 std 1.022 effrank 432.8 varratio 0.278
step 8650 loss 0.4607 lr 6.15e-06 wd 0.399 std 1.020 effrank 439.6 varratio 0.236
step 8700 loss 0.4505 lr 4.79e-06 wd 0.399 std 1.023 effrank 438.6 varratio 0.242
step 8750 loss 0.4625 lr 3.63e-06 wd 0.399 std 1.026 effrank 441.1 varratio 0.211
step 8800 loss 0.4872 lr 2.68e-06 wd 0.400 std 1.018 effrank 436.0 varratio 0.143
step 8850 loss 0.3300 lr 1.95e-06 wd 0.400 std 1.019 effrank 439.9 varratio 0.249
step 8900 loss 0.4228 lr 1.42e-06 wd 0.400 std 1.022 effrank 437.3 varratio 0.203
step 8950 loss 0.5241 lr 1.11e-06 wd 0.400 std 1.017 effrank 438.7 varratio 0.208
[run_matrix] tjepa_preddepth1: linear=14.66 conv=17.98 knn=0.6639 gpu_h=2.10
step 0 loss 2.0299 lr 0.00e+00 wd 0.040 std 0.353 effrank 14.5 varratio 0.076
step 50 loss 1.6750 lr 3.70e-05 wd 0.040 std 0.452 effrank 15.7 varratio 0.068
step 100 loss 1.4158 lr 7.41e-05 wd 0.040 std 0.485 effrank 16.6 varratio 0.063
step 150 loss 1.2102 lr 1.11e-04 wd 0.040 std 0.547 effrank 17.9 varratio 0.033
step 200 loss 1.0844 lr 1.48e-04 wd 0.040 std 0.600 effrank 18.9 varratio 0.028
step 250 loss 1.0732 lr 1.85e-04 wd 0.041 std 0.549 effrank 19.3 varratio 0.014
step 300 loss 1.0582 lr 2.22e-04 wd 0.041 std 0.601 effrank 20.3 varratio 0.011
step 350 loss 0.9375 lr 2.59e-04 wd 0.041 std 0.637 effrank 24.1 varratio 0.013
step 400 loss 0.9809 lr 2.96e-04 wd 0.042 std 0.701 effrank 25.1 varratio 0.016
step 450 loss 0.9719 lr 3.33e-04 wd 0.042 std 0.582 effrank 25.1 varratio 0.015
step 500 loss 1.0147 lr 3.70e-04 wd 0.043 std 0.637 effrank 25.5 varratio 0.023
step 550 loss 0.8537 lr 4.07e-04 wd 0.043 std 0.641 effrank 28.1 varratio 0.077
step 600 loss 1.0412 lr 4.44e-04 wd 0.044 std 0.641 effrank 30.6 varratio 0.121
step 650 loss 0.9406 lr 4.81e-04 wd 0.045 std 0.654 effrank 34.5 varratio 0.108
step 700 loss 0.9405 lr 5.19e-04 wd 0.045 std 0.703 effrank 39.7 varratio 0.172
step 750 loss 0.8094 lr 5.56e-04 wd 0.046 std 0.751 effrank 44.5 varratio 0.251
step 800 loss 0.8095 lr 5.93e-04 wd 0.047 std 0.793 effrank 54.8 varratio 0.254
step 850 loss 0.8506 lr 6.30e-04 wd 0.048 std 0.781 effrank 65.7 varratio 0.197
step 900 loss 0.7595 lr 6.67e-04 wd 0.049 std 0.834 effrank 74.6 varratio 0.273
step 950 loss 0.6278 lr 7.04e-04 wd 0.050 std 0.867 effrank 90.8 varratio 0.347
step 1000 loss 0.7031 lr 7.41e-04 wd 0.051 std 0.894 effrank 100.1 varratio 0.257
step 1050 loss 0.7093 lr 7.78e-04 wd 0.052 std 0.882 effrank 112.9 varratio 0.274
step 1100 loss 0.6125 lr 8.15e-04 wd 0.053 std 0.917 effrank 120.5 varratio 0.339
step 1150 loss 0.7177 lr 8.52e-04 wd 0.054 std 0.904 effrank 125.5 varratio 0.227
step 1200 loss 0.6154 lr 8.89e-04 wd 0.056 std 0.956 effrank 135.6 varratio 0.297
step 1250 loss 0.4499 lr 9.26e-04 wd 0.057 std 0.975 effrank 146.7 varratio 0.395
step 1300 loss 0.4935 lr 9.63e-04 wd 0.058 std 0.985 effrank 162.4 varratio 0.333
step 1350 loss 0.4754 lr 1.00e-03 wd 0.060 std 0.989 effrank 179.1 varratio 0.353
step 1400 loss 0.4500 lr 1.00e-03 wd 0.061 std 0.988 effrank 195.1 varratio 0.348
step 1450 loss 0.5272 lr 1.00e-03 wd 0.063 std 0.987 effrank 205.5 varratio 0.301
step 1500 loss 0.6316 lr 9.99e-04 wd 0.064 std 1.000 effrank 219.3 varratio 0.290
step 1550 loss 0.6813 lr 9.98e-04 wd 0.066 std 1.000 effrank 224.3 varratio 0.266
step 1600 loss 0.4843 lr 9.97e-04 wd 0.067 std 1.005 effrank 229.9 varratio 0.315
step 1650 loss 0.3863 lr 9.96e-04 wd 0.069 std 0.998 effrank 246.8 varratio 0.383
step 1700 loss 0.3902 lr 9.95e-04 wd 0.071 std 0.997 effrank 257.9 varratio 0.371
step 1750 loss 0.5636 lr 9.93e-04 wd 0.073 std 1.010 effrank 261.3 varratio 0.287
step 1800 loss 0.4805 lr 9.91e-04 wd 0.074 std 1.005 effrank 264.5 varratio 0.312
step 1850 loss 0.5059 lr 9.90e-04 wd 0.076 std 1.004 effrank 275.0 varratio 0.304
step 1900 loss 0.3801 lr 9.87e-04 wd 0.078 std 0.998 effrank 266.7 varratio 0.293
step 1950 loss 0.5057 lr 9.85e-04 wd 0.080 std 1.015 effrank 273.6 varratio 0.274
step 2000 loss 0.3899 lr 9.82e-04 wd 0.082 std 1.010 effrank 279.3 varratio 0.310
step 2050 loss 0.3342 lr 9.80e-04 wd 0.084 std 1.011 effrank 293.1 varratio 0.349
step 2100 loss 0.4643 lr 9.76e-04 wd 0.086 std 1.012 effrank 298.9 varratio 0.267
step 2150 loss 0.5240 lr 9.73e-04 wd 0.088 std 1.022 effrank 304.0 varratio 0.265
step 2200 loss 0.4029 lr 9.70e-04 wd 0.091 std 1.009 effrank 313.6 varratio 0.313
step 2250 loss 0.3633 lr 9.66e-04 wd 0.093 std 1.018 effrank 317.3 varratio 0.314
step 2300 loss 0.3785 lr 9.62e-04 wd 0.095 std 1.017 effrank 324.8 varratio 0.359
step 2350 loss 0.4181 lr 9.58e-04 wd 0.097 std 0.999 effrank 313.5 varratio 0.262
step 2400 loss 0.6261 lr 9.54e-04 wd 0.100 std 1.014 effrank 318.1 varratio 0.250
step 2450 loss 0.3973 lr 9.50e-04 wd 0.102 std 1.007 effrank 321.3 varratio 0.283
step 2500 loss 0.4080 lr 9.45e-04 wd 0.104 std 1.007 effrank 326.4 varratio 0.301
step 2550 loss 0.3726 lr 9.41e-04 wd 0.107 std 1.007 effrank 330.7 varratio 0.310
step 2600 loss 0.4146 lr 9.36e-04 wd 0.109 std 1.010 effrank 335.4 varratio 0.327
step 2650 loss 0.3758 lr 9.30e-04 wd 0.112 std 1.014 effrank 336.6 varratio 0.292
step 2700 loss 0.3343 lr 9.25e-04 wd 0.114 std 1.023 effrank 341.0 varratio 0.353
step 2750 loss 0.4396 lr 9.20e-04 wd 0.117 std 1.020 effrank 345.8 varratio 0.272
step 2800 loss 0.3812 lr 9.14e-04 wd 0.119 std 1.011 effrank 346.0 varratio 0.297
step 2850 loss 0.4442 lr 9.08e-04 wd 0.122 std 1.019 effrank 347.2 varratio 0.228
step 2900 loss 0.3812 lr 9.02e-04 wd 0.125 std 1.023 effrank 344.3 varratio 0.287
step 2950 loss 0.4529 lr 8.96e-04 wd 0.127 std 1.010 effrank 351.4 varratio 0.270
step 3000 loss 0.3926 lr 8.90e-04 wd 0.130 std 1.019 effrank 353.3 varratio 0.309
step 3050 loss 0.3843 lr 8.83e-04 wd 0.133 std 1.016 effrank 356.9 varratio 0.299
step 3100 loss 0.4084 lr 8.76e-04 wd 0.135 std 1.010 effrank 359.6 varratio 0.289
step 3150 loss 0.3170 lr 8.70e-04 wd 0.138 std 1.014 effrank 362.5 varratio 0.331
step 3200 loss 0.3724 lr 8.63e-04 wd 0.141 std 1.013 effrank 363.5 varratio 0.341
step 3250 loss 0.4064 lr 8.56e-04 wd 0.144 std 1.025 effrank 353.1 varratio 0.275
step 3300 loss 0.5369 lr 8.48e-04 wd 0.147 std 1.018 effrank 360.6 varratio 0.231
step 3350 loss 0.3779 lr 8.41e-04 wd 0.150 std 1.024 effrank 360.9 varratio 0.304
step 3400 loss 0.4073 lr 8.33e-04 wd 0.153 std 1.018 effrank 369.5 varratio 0.281
step 3450 loss 0.3929 lr 8.25e-04 wd 0.155 std 1.025 effrank 370.3 varratio 0.295
step 3500 loss 0.4071 lr 8.18e-04 wd 0.158 std 1.019 effrank 369.2 varratio 0.276
step 3550 loss 0.4034 lr 8.10e-04 wd 0.161 std 1.018 effrank 371.3 varratio 0.272
step 3600 loss 0.3679 lr 8.02e-04 wd 0.164 std 1.014 effrank 375.1 varratio 0.306
step 3650 loss 0.5135 lr 7.93e-04 wd 0.167 std 1.016 effrank 376.9 varratio 0.216
step 3700 loss 0.4436 lr 7.85e-04 wd 0.170 std 1.012 effrank 378.6 varratio 0.261
step 3750 loss 0.5328 lr 7.76e-04 wd 0.173 std 1.010 effrank 378.4 varratio 0.217
step 3800 loss 0.5488 lr 7.68e-04 wd 0.176 std 1.024 effrank 374.1 varratio 0.203
step 3850 loss 0.4488 lr 7.59e-04 wd 0.180 std 1.026 effrank 371.7 varratio 0.264
step 3900 loss 0.4456 lr 7.50e-04 wd 0.183 std 1.016 effrank 377.0 varratio 0.268
step 3950 loss 0.4532 lr 7.41e-04 wd 0.186 std 1.016 effrank 381.6 varratio 0.252
step 4000 loss 0.3657 lr 7.32e-04 wd 0.189 std 1.021 effrank 382.1 varratio 0.279
step 4050 loss 0.3615 lr 7.23e-04 wd 0.192 std 1.024 effrank 385.1 varratio 0.291
step 4100 loss 0.4900 lr 7.14e-04 wd 0.195 std 1.021 effrank 376.7 varratio 0.234
step 4150 loss 0.5122 lr 7.05e-04 wd 0.198 std 1.014 effrank 373.8 varratio 0.280
step 4200 loss 0.3535 lr 6.95e-04 wd 0.201 std 1.022 effrank 373.7 varratio 0.321
step 4250 loss 0.5293 lr 6.86e-04 wd 0.204 std 1.021 effrank 373.7 varratio 0.204
step 4300 loss 0.3875 lr 6.76e-04 wd 0.207 std 1.020 effrank 383.3 varratio 0.265
step 4350 loss 0.4500 lr 6.67e-04 wd 0.211 std 1.022 effrank 364.3 varratio 0.256
step 4400 loss 0.4033 lr 6.57e-04 wd 0.214 std 1.010 effrank 367.3 varratio 0.271
step 4450 loss 0.5179 lr 6.47e-04 wd 0.217 std 1.022 effrank 375.0 varratio 0.249
step 4500 loss 0.4696 lr 6.37e-04 wd 0.220 std 1.011 effrank 379.2 varratio 0.255
step 4550 loss 0.4457 lr 6.27e-04 wd 0.223 std 1.015 effrank 370.2 varratio 0.230
step 4600 loss 0.5763 lr 6.17e-04 wd 0.226 std 1.023 effrank 371.7 varratio 0.178
step 4650 loss 0.4862 lr 6.07e-04 wd 0.229 std 1.013 effrank 371.0 varratio 0.248
step 4700 loss 0.4132 lr 5.97e-04 wd 0.233 std 1.023 effrank 363.2 varratio 0.286
step 4750 loss 0.4292 lr 5.87e-04 wd 0.236 std 1.020 effrank 371.1 varratio 0.275
step 4800 loss 0.4590 lr 5.77e-04 wd 0.239 std 1.012 effrank 366.3 varratio 0.192
step 4850 loss 0.4381 lr 5.67e-04 wd 0.242 std 1.008 effrank 368.3 varratio 0.211
step 4900 loss 0.3696 lr 5.57e-04 wd 0.245 std 1.026 effrank 334.5 varratio 0.271
step 4950 loss 0.3476 lr 5.47e-04 wd 0.248 std 1.010 effrank 354.6 varratio 0.274
step 5000 loss 0.5317 lr 5.36e-04 wd 0.251 std 1.022 effrank 336.4 varratio 0.231
step 5050 loss 0.4225 lr 5.26e-04 wd 0.254 std 1.008 effrank 340.7 varratio 0.241
step 5100 loss 0.3873 lr 5.16e-04 wd 0.257 std 1.016 effrank 346.1 varratio 0.279
step 5150 loss 0.3927 lr 5.06e-04 wd 0.260 std 1.018 effrank 357.8 varratio 0.253
step 5200 loss 0.4191 lr 4.95e-04 wd 0.264 std 1.023 effrank 356.1 varratio 0.240
step 5250 loss 0.3947 lr 4.85e-04 wd 0.267 std 1.016 effrank 341.1 varratio 0.265
step 5300 loss 0.5320 lr 4.75e-04 wd 0.270 std 1.020 effrank 322.2 varratio 0.213
step 5350 loss 0.4101 lr 4.65e-04 wd 0.273 std 1.015 effrank 345.3 varratio 0.268
step 5400 loss 0.3992 lr 4.54e-04 wd 0.276 std 1.017 effrank 355.1 varratio 0.238
step 5450 loss 0.4087 lr 4.44e-04 wd 0.279 std 1.010 effrank 347.7 varratio 0.234
step 5500 loss 0.4437 lr 4.34e-04 wd 0.282 std 1.010 effrank 347.3 varratio 0.227
step 5550 loss 0.3998 lr 4.24e-04 wd 0.285 std 1.011 effrank 356.2 varratio 0.285
step 5600 loss 0.4178 lr 4.14e-04 wd 0.287 std 1.015 effrank 349.4 varratio 0.260
step 5650 loss 0.4309 lr 4.04e-04 wd 0.290 std 1.007 effrank 359.3 varratio 0.278
step 5700 loss 0.3663 lr 3.94e-04 wd 0.293 std 1.017 effrank 362.7 varratio 0.300
step 5750 loss 0.3759 lr 3.84e-04 wd 0.296 std 1.016 effrank 371.5 varratio 0.264
step 5800 loss 0.4214 lr 3.74e-04 wd 0.299 std 1.023 effrank 372.1 varratio 0.219
step 5850 loss 0.5124 lr 3.64e-04 wd 0.302 std 1.019 effrank 380.0 varratio 0.224
step 5900 loss 0.3793 lr 3.54e-04 wd 0.305 std 1.021 effrank 380.7 varratio 0.303
step 5950 loss 0.3827 lr 3.44e-04 wd 0.307 std 1.022 effrank 378.0 varratio 0.225
step 6000 loss 0.3611 lr 3.34e-04 wd 0.310 std 1.013 effrank 375.5 varratio 0.320
step 6050 loss 0.4907 lr 3.25e-04 wd 0.313 std 1.016 effrank 384.8 varratio 0.207
step 6100 loss 0.3058 lr 3.15e-04 wd 0.315 std 1.016 effrank 379.9 varratio 0.333
step 6150 loss 0.4977 lr 3.06e-04 wd 0.318 std 1.020 effrank 385.2 varratio 0.208
step 6200 loss 0.4149 lr 2.96e-04 wd 0.321 std 1.013 effrank 384.7 varratio 0.273
step 6250 loss 0.4283 lr 2.87e-04 wd 0.323 std 1.013 effrank 384.8 varratio 0.251
step 6300 loss 0.3592 lr 2.78e-04 wd 0.326 std 1.023 effrank 384.7 varratio 0.284
step 6350 loss 0.4065 lr 2.69e-04 wd 0.328 std 1.014 effrank 388.4 varratio 0.276
step 6400 loss 0.5154 lr 2.60e-04 wd 0.331 std 1.014 effrank 385.2 varratio 0.195
step 6450 loss 0.4001 lr 2.51e-04 wd 0.333 std 1.022 effrank 388.3 varratio 0.259
step 6500 loss 0.3570 lr 2.42e-04 wd 0.336 std 1.020 effrank 391.4 varratio 0.276
step 6550 loss 0.3600 lr 2.33e-04 wd 0.338 std 1.027 effrank 390.0 varratio 0.276
step 6600 loss 0.4086 lr 2.25e-04 wd 0.340 std 1.015 effrank 384.3 varratio 0.276
step 6650 loss 0.4434 lr 2.16e-04 wd 0.343 std 1.019 effrank 389.1 varratio 0.261
step 6700 loss 0.4681 lr 2.08e-04 wd 0.345 std 1.022 effrank 388.9 varratio 0.241
step 6750 loss 0.4084 lr 1.99e-04 wd 0.347 std 1.017 effrank 379.9 varratio 0.284
step 6800 loss 0.3955 lr 1.91e-04 wd 0.349 std 1.030 effrank 398.5 varratio 0.246
step 6850 loss 0.4001 lr 1.83e-04 wd 0.352 std 1.021 effrank 397.7 varratio 0.235
step 6900 loss 0.4371 lr 1.76e-04 wd 0.354 std 1.013 effrank 399.1 varratio 0.213
step 6950 loss 0.4003 lr 1.68e-04 wd 0.356 std 1.020 effrank 397.0 varratio 0.265
step 7000 loss 0.4549 lr 1.60e-04 wd 0.358 std 1.015 effrank 395.4 varratio 0.225
step 7050 loss 0.4531 lr 1.53e-04 wd 0.360 std 1.015 effrank 405.6 varratio 0.218
step 7100 loss 0.4184 lr 1.45e-04 wd 0.362 std 1.022 effrank 403.2 varratio 0.240
step 7150 loss 0.4069 lr 1.38e-04 wd 0.364 std 1.022 effrank 410.5 varratio 0.217
step 7200 loss 0.3562 lr 1.31e-04 wd 0.366 std 1.027 effrank 411.0 varratio 0.252
step 7250 loss 0.3510 lr 1.25e-04 wd 0.367 std 1.022 effrank 407.2 varratio 0.277
step 7300 loss 0.3815 lr 1.18e-04 wd 0.369 std 1.018 effrank 397.8 varratio 0.279
step 7350 loss 0.4018 lr 1.11e-04 wd 0.371 std 1.026 effrank 401.6 varratio 0.281
step 7400 loss 0.5109 lr 1.05e-04 wd 0.373 std 1.022 effrank 408.1 varratio 0.226
step 7450 loss 0.3414 lr 9.88e-05 wd 0.374 std 1.011 effrank 408.4 varratio 0.299
step 7500 loss 0.4565 lr 9.28e-05 wd 0.376 std 1.018 effrank 406.7 varratio 0.220
step 7550 loss 0.3841 lr 8.70e-05 wd 0.377 std 1.021 effrank 412.0 varratio 0.273
step 7600 loss 0.3708 lr 8.13e-05 wd 0.379 std 1.013 effrank 414.6 varratio 0.288
step 7650 loss 0.3749 lr 7.58e-05 wd 0.380 std 1.014 effrank 415.9 varratio 0.276
step 7700 loss 0.3801 lr 7.05e-05 wd 0.382 std 1.016 effrank 418.4 varratio 0.259
step 7750 loss 0.4355 lr 6.54e-05 wd 0.383 std 1.017 effrank 415.3 varratio 0.207
step 7800 loss 0.2740 lr 6.04e-05 wd 0.384 std 1.023 effrank 419.3 varratio 0.313
step 7850 loss 0.3929 lr 5.57e-05 wd 0.386 std 1.014 effrank 418.6 varratio 0.262
step 7900 loss 0.3481 lr 5.11e-05 wd 0.387 std 1.018 effrank 421.0 varratio 0.226
step 7950 loss 0.3767 lr 4.67e-05 wd 0.388 std 1.021 effrank 412.1 varratio 0.288
step 8000 loss 0.4186 lr 4.25e-05 wd 0.389 std 1.017 effrank 413.9 varratio 0.293
step 8050 loss 0.4208 lr 3.85e-05 wd 0.390 std 1.019 effrank 418.3 varratio 0.255
step 8100 loss 0.3708 lr 3.47e-05 wd 0.391 std 1.015 effrank 419.0 varratio 0.270
step 8150 loss 0.4828 lr 3.11e-05 wd 0.392 std 1.013 effrank 419.1 varratio 0.225
step 8200 loss 0.4545 lr 2.77e-05 wd 0.393 std 1.013 effrank 420.2 varratio 0.206
step 8250 loss 0.4696 lr 2.45e-05 wd 0.394 std 1.026 effrank 419.1 varratio 0.242
step 8300 loss 0.4017 lr 2.15e-05 wd 0.395 std 1.016 effrank 421.8 varratio 0.249
step 8350 loss 0.4299 lr 1.87e-05 wd 0.395 std 1.014 effrank 421.3 varratio 0.264
step 8400 loss 0.3876 lr 1.61e-05 wd 0.396 std 1.020 effrank 417.5 varratio 0.239
step 8450 loss 0.4062 lr 1.37e-05 wd 0.397 std 1.015 effrank 414.6 varratio 0.250
step 8500 loss 0.3498 lr 1.15e-05 wd 0.397 std 1.019 effrank 421.9 varratio 0.270
step 8550 loss 0.3489 lr 9.50e-06 wd 0.398 std 1.018 effrank 423.3 varratio 0.305
step 8600 loss 0.3584 lr 7.72e-06 wd 0.398 std 1.013 effrank 418.8 varratio 0.247
step 8650 loss 0.3657 lr 6.15e-06 wd 0.399 std 1.028 effrank 419.7 varratio 0.282
step 8700 loss 0.4513 lr 4.79e-06 wd 0.399 std 1.013 effrank 421.0 varratio 0.216
step 8750 loss 0.3833 lr 3.63e-06 wd 0.399 std 1.019 effrank 421.5 varratio 0.241
step 8800 loss 0.4333 lr 2.68e-06 wd 0.400 std 1.012 effrank 421.6 varratio 0.244
step 8850 loss 0.3976 lr 1.95e-06 wd 0.400 std 1.018 effrank 421.0 varratio 0.273
step 8900 loss 0.3952 lr 1.42e-06 wd 0.400 std 1.020 effrank 422.7 varratio 0.246
step 8950 loss 0.4445 lr 1.11e-06 wd 0.400 std 1.024 effrank 424.4 varratio 0.227
[run_matrix] tjepa_preddepth2: linear=15.67 conv=19.18 knn=0.6784 gpu_h=2.11
step 0 loss 2.0321 lr 0.00e+00 wd 0.040 std 0.340 effrank 15.7 varratio 0.045
step 50 loss 1.5882 lr 3.70e-05 wd 0.040 std 0.417 effrank 15.1 varratio 0.048
step 100 loss 1.3738 lr 7.41e-05 wd 0.040 std 0.485 effrank 15.5 varratio 0.034
step 150 loss 1.0349 lr 1.11e-04 wd 0.040 std 0.559 effrank 17.7 varratio 0.044
step 200 loss 1.0796 lr 1.48e-04 wd 0.040 std 0.560 effrank 18.7 varratio 0.016
step 250 loss 0.9939 lr 1.85e-04 wd 0.041 std 0.608 effrank 18.6 varratio 0.011
step 300 loss 0.9925 lr 2.22e-04 wd 0.041 std 0.622 effrank 20.2 varratio 0.009
step 350 loss 1.0200 lr 2.59e-04 wd 0.041 std 0.548 effrank 21.0 varratio 0.007
step 400 loss 0.8893 lr 2.96e-04 wd 0.042 std 0.638 effrank 25.4 varratio 0.015
step 450 loss 1.0783 lr 3.33e-04 wd 0.042 std 0.590 effrank 27.7 varratio 0.019
step 500 loss 0.9897 lr 3.70e-04 wd 0.043 std 0.653 effrank 32.7 varratio 0.057
step 550 loss 0.9263 lr 4.07e-04 wd 0.043 std 0.640 effrank 37.0 varratio 0.051
step 600 loss 0.7971 lr 4.44e-04 wd 0.044 std 0.718 effrank 42.7 varratio 0.127
step 650 loss 0.8367 lr 4.81e-04 wd 0.045 std 0.744 effrank 51.3 varratio 0.198
step 700 loss 0.9389 lr 5.19e-04 wd 0.045 std 0.737 effrank 59.1 varratio 0.123
step 750 loss 0.8370 lr 5.56e-04 wd 0.046 std 0.803 effrank 68.5 varratio 0.183
step 800 loss 0.6743 lr 5.93e-04 wd 0.047 std 0.845 effrank 83.4 varratio 0.276
step 850 loss 0.6525 lr 6.30e-04 wd 0.048 std 0.842 effrank 92.1 varratio 0.250
step 900 loss 0.7325 lr 6.67e-04 wd 0.049 std 0.900 effrank 100.7 varratio 0.280
step 950 loss 0.5883 lr 7.04e-04 wd 0.050 std 0.920 effrank 115.9 varratio 0.298
step 1000 loss 0.5935 lr 7.41e-04 wd 0.051 std 0.923 effrank 124.3 varratio 0.280
step 1050 loss 0.5902 lr 7.78e-04 wd 0.052 std 0.946 effrank 136.6 varratio 0.298
step 1100 loss 0.4906 lr 8.15e-04 wd 0.053 std 0.956 effrank 147.5 varratio 0.352
step 1150 loss 0.4893 lr 8.52e-04 wd 0.054 std 0.972 effrank 145.6 varratio 0.350
step 1200 loss 0.6600 lr 8.89e-04 wd 0.056 std 0.967 effrank 159.1 varratio 0.290
step 1250 loss 0.5317 lr 9.26e-04 wd 0.057 std 0.984 effrank 169.0 varratio 0.294
step 1300 loss 0.3995 lr 9.63e-04 wd 0.058 std 0.955 effrank 179.0 varratio 0.402
step 1350 loss 0.4899 lr 1.00e-03 wd 0.060 std 0.986 effrank 183.5 varratio 0.308
step 1400 loss 0.3401 lr 1.00e-03 wd 0.061 std 0.989 effrank 194.8 varratio 0.452
step 1450 loss 0.5197 lr 1.00e-03 wd 0.063 std 0.990 effrank 201.0 varratio 0.261
step 1500 loss 0.4841 lr 9.99e-04 wd 0.064 std 1.008 effrank 213.3 varratio 0.277
step 1550 loss 0.3471 lr 9.98e-04 wd 0.066 std 1.010 effrank 214.4 varratio 0.389
step 1600 loss 0.4961 lr 9.97e-04 wd 0.067 std 1.002 effrank 229.2 varratio 0.292
step 1650 loss 0.5414 lr 9.96e-04 wd 0.069 std 1.009 effrank 238.8 varratio 0.267
step 1700 loss 0.3112 lr 9.95e-04 wd 0.071 std 1.017 effrank 242.4 varratio 0.383
step 1750 loss 0.3300 lr 9.93e-04 wd 0.073 std 1.012 effrank 252.4 varratio 0.379
step 1800 loss 0.4717 lr 9.91e-04 wd 0.074 std 1.010 effrank 258.4 varratio 0.281
step 1850 loss 0.4195 lr 9.90e-04 wd 0.076 std 1.006 effrank 268.9 varratio 0.317
step 1900 loss 0.2926 lr 9.87e-04 wd 0.078 std 1.011 effrank 272.1 varratio 0.425
step 1950 loss 0.3664 lr 9.85e-04 wd 0.080 std 1.016 effrank 281.9 varratio 0.316
step 2000 loss 0.3929 lr 9.82e-04 wd 0.082 std 1.012 effrank 287.8 varratio 0.336
step 2050 loss 0.4399 lr 9.80e-04 wd 0.084 std 1.010 effrank 293.6 varratio 0.250
step 2100 loss 0.4307 lr 9.76e-04 wd 0.086 std 1.014 effrank 301.4 varratio 0.291
step 2150 loss 0.3249 lr 9.73e-04 wd 0.088 std 1.012 effrank 305.1 varratio 0.360
step 2200 loss 0.4751 lr 9.70e-04 wd 0.091 std 1.005 effrank 314.8 varratio 0.223
step 2250 loss 0.3359 lr 9.66e-04 wd 0.093 std 1.003 effrank 315.9 varratio 0.310
step 2300 loss 0.3723 lr 9.62e-04 wd 0.095 std 1.010 effrank 324.0 varratio 0.287
step 2350 loss 0.3574 lr 9.58e-04 wd 0.097 std 1.018 effrank 325.9 varratio 0.287
step 2400 loss 0.4278 lr 9.54e-04 wd 0.100 std 1.012 effrank 333.1 varratio 0.287
step 2450 loss 0.3355 lr 9.50e-04 wd 0.102 std 1.014 effrank 334.2 varratio 0.289
step 2500 loss 0.3117 lr 9.45e-04 wd 0.104 std 1.018 effrank 338.9 varratio 0.331
step 2550 loss 0.3846 lr 9.41e-04 wd 0.107 std 1.013 effrank 342.0 varratio 0.237
step 2600 loss 0.3232 lr 9.36e-04 wd 0.109 std 1.009 effrank 344.7 varratio 0.262
step 2650 loss 0.4439 lr 9.30e-04 wd 0.112 std 1.020 effrank 345.1 varratio 0.247
step 2700 loss 0.3902 lr 9.25e-04 wd 0.114 std 1.015 effrank 351.3 varratio 0.276
step 2750 loss 0.3270 lr 9.20e-04 wd 0.117 std 1.018 effrank 352.1 varratio 0.298
step 2800 loss 0.3373 lr 9.14e-04 wd 0.119 std 1.018 effrank 353.0 varratio 0.287
step 2850 loss 0.3084 lr 9.08e-04 wd 0.122 std 1.022 effrank 356.5 varratio 0.319
step 2900 loss 0.4094 lr 9.02e-04 wd 0.125 std 1.007 effrank 362.6 varratio 0.271
step 2950 loss 0.3630 lr 8.96e-04 wd 0.127 std 1.024 effrank 366.2 varratio 0.279
step 3000 loss 0.4413 lr 8.90e-04 wd 0.130 std 1.022 effrank 363.0 varratio 0.246
step 3050 loss 0.3464 lr 8.83e-04 wd 0.133 std 1.017 effrank 374.6 varratio 0.293
step 3100 loss 0.4823 lr 8.76e-04 wd 0.135 std 1.021 effrank 376.9 varratio 0.236
step 3150 loss 0.3547 lr 8.70e-04 wd 0.138 std 1.016 effrank 377.1 varratio 0.283
step 3200 loss 0.3250 lr 8.63e-04 wd 0.141 std 1.019 effrank 381.6 varratio 0.311
step 3250 loss 0.4255 lr 8.56e-04 wd 0.144 std 1.013 effrank 383.2 varratio 0.289
step 3300 loss 0.3655 lr 8.48e-04 wd 0.147 std 1.014 effrank 388.1 varratio 0.254
step 3350 loss 0.4206 lr 8.41e-04 wd 0.150 std 1.023 effrank 379.4 varratio 0.274
step 3400 loss 0.3839 lr 8.33e-04 wd 0.153 std 1.013 effrank 384.4 varratio 0.283
step 3450 loss 0.2703 lr 8.25e-04 wd 0.155 std 1.013 effrank 386.0 varratio 0.360
step 3500 loss 0.3992 lr 8.18e-04 wd 0.158 std 1.015 effrank 389.3 varratio 0.261
step 3550 loss 0.3782 lr 8.10e-04 wd 0.161 std 1.017 effrank 391.1 varratio 0.259
step 3600 loss 0.3368 lr 8.02e-04 wd 0.164 std 1.019 effrank 390.5 varratio 0.284
step 3650 loss 0.3009 lr 7.93e-04 wd 0.167 std 1.016 effrank 392.1 varratio 0.343
step 3700 loss 0.3552 lr 7.85e-04 wd 0.170 std 1.021 effrank 397.0 varratio 0.260
step 3750 loss 0.3474 lr 7.76e-04 wd 0.173 std 1.021 effrank 402.6 varratio 0.255
step 3800 loss 0.3644 lr 7.68e-04 wd 0.176 std 1.022 effrank 392.2 varratio 0.307
step 3850 loss 0.3663 lr 7.59e-04 wd 0.180 std 1.019 effrank 402.4 varratio 0.280
step 3900 loss 0.3581 lr 7.50e-04 wd 0.183 std 1.019 effrank 406.7 varratio 0.296
step 3950 loss 0.3521 lr 7.41e-04 wd 0.186 std 1.020 effrank 403.8 varratio 0.279
step 4000 loss 0.3172 lr 7.32e-04 wd 0.189 std 1.021 effrank 408.0 varratio 0.320
step 4050 loss 0.3733 lr 7.23e-04 wd 0.192 std 1.022 effrank 408.0 varratio 0.244
step 4100 loss 0.3070 lr 7.14e-04 wd 0.195 std 1.021 effrank 404.2 varratio 0.312
step 4150 loss 0.3575 lr 7.05e-04 wd 0.198 std 1.023 effrank 410.5 varratio 0.236
step 4200 loss 0.3253 lr 6.95e-04 wd 0.201 std 1.020 effrank 413.0 varratio 0.319
step 4250 loss 0.2989 lr 6.86e-04 wd 0.204 std 1.018 effrank 411.2 varratio 0.337
step 4300 loss 0.4152 lr 6.76e-04 wd 0.207 std 1.018 effrank 414.7 varratio 0.237
step 4350 loss 0.2913 lr 6.67e-04 wd 0.211 std 1.013 effrank 418.2 varratio 0.300
step 4400 loss 0.3513 lr 6.57e-04 wd 0.214 std 1.024 effrank 414.9 varratio 0.279
step 4450 loss 0.3241 lr 6.47e-04 wd 0.217 std 1.010 effrank 411.7 varratio 0.339
step 4500 loss 0.3177 lr 6.37e-04 wd 0.220 std 1.023 effrank 420.1 varratio 0.270
step 4550 loss 0.3749 lr 6.27e-04 wd 0.223 std 1.031 effrank 404.2 varratio 0.272
step 4600 loss 0.4282 lr 6.17e-04 wd 0.226 std 1.022 effrank 422.1 varratio 0.255
step 4650 loss 0.4035 lr 6.07e-04 wd 0.229 std 1.017 effrank 423.4 varratio 0.204
step 4700 loss 0.2995 lr 5.97e-04 wd 0.233 std 1.025 effrank 419.7 varratio 0.326
step 4750 loss 0.3646 lr 5.87e-04 wd 0.236 std 1.018 effrank 425.6 varratio 0.303
step 4800 loss 0.3989 lr 5.77e-04 wd 0.239 std 1.020 effrank 415.4 varratio 0.207
step 4850 loss 0.3099 lr 5.67e-04 wd 0.242 std 1.017 effrank 425.8 varratio 0.300
step 4900 loss 0.4936 lr 5.57e-04 wd 0.245 std 1.021 effrank 427.7 varratio 0.231
step 4950 loss 0.2805 lr 5.47e-04 wd 0.248 std 1.021 effrank 430.0 varratio 0.316
step 5000 loss 0.3587 lr 5.36e-04 wd 0.251 std 1.013 effrank 427.5 varratio 0.285
step 5050 loss 0.3223 lr 5.26e-04 wd 0.254 std 1.022 effrank 424.3 varratio 0.296
step 5100 loss 0.3710 lr 5.16e-04 wd 0.257 std 1.019 effrank 428.5 varratio 0.299
step 5150 loss 0.4798 lr 5.06e-04 wd 0.260 std 1.025 effrank 431.3 varratio 0.223
step 5200 loss 0.2627 lr 4.95e-04 wd 0.264 std 1.014 effrank 432.3 varratio 0.306
step 5250 loss 0.4257 lr 4.85e-04 wd 0.267 std 1.027 effrank 427.9 varratio 0.214
step 5300 loss 0.4313 lr 4.75e-04 wd 0.270 std 1.018 effrank 433.2 varratio 0.210
step 5350 loss 0.3136 lr 4.65e-04 wd 0.273 std 1.019 effrank 431.6 varratio 0.282
step 5400 loss 0.4606 lr 4.54e-04 wd 0.276 std 1.023 effrank 432.0 varratio 0.181
step 5450 loss 0.3038 lr 4.44e-04 wd 0.279 std 1.015 effrank 434.6 varratio 0.277
step 5500 loss 0.3316 lr 4.34e-04 wd 0.282 std 1.026 effrank 432.7 varratio 0.295
step 5550 loss 0.4132 lr 4.24e-04 wd 0.285 std 1.024 effrank 434.3 varratio 0.284
step 5600 loss 0.3729 lr 4.14e-04 wd 0.287 std 1.017 effrank 439.6 varratio 0.274
step 5650 loss 0.3467 lr 4.04e-04 wd 0.290 std 1.022 effrank 438.8 varratio 0.295
step 5700 loss 0.3189 lr 3.94e-04 wd 0.293 std 1.026 effrank 430.5 varratio 0.304
step 5750 loss 0.3956 lr 3.84e-04 wd 0.296 std 1.021 effrank 442.6 varratio 0.258
step 5800 loss 0.3637 lr 3.74e-04 wd 0.299 std 1.014 effrank 441.2 varratio 0.237
step 5850 loss 0.3937 lr 3.64e-04 wd 0.302 std 1.019 effrank 444.1 varratio 0.231
step 5900 loss 0.3963 lr 3.54e-04 wd 0.305 std 1.025 effrank 442.8 varratio 0.270
step 5950 loss 0.3100 lr 3.44e-04 wd 0.307 std 1.023 effrank 445.9 varratio 0.297
step 6000 loss 0.4125 lr 3.34e-04 wd 0.310 std 1.012 effrank 444.2 varratio 0.267
step 6050 loss 0.2854 lr 3.25e-04 wd 0.313 std 1.019 effrank 443.8 varratio 0.317
step 6100 loss 0.4127 lr 3.15e-04 wd 0.315 std 1.022 effrank 441.1 varratio 0.246
step 6150 loss 0.3340 lr 3.06e-04 wd 0.318 std 1.018 effrank 445.0 varratio 0.292
step 6200 loss 0.3947 lr 2.96e-04 wd 0.321 std 1.020 effrank 435.2 varratio 0.256
step 6250 loss 0.3476 lr 2.87e-04 wd 0.323 std 1.018 effrank 446.3 varratio 0.265
step 6300 loss 0.3706 lr 2.78e-04 wd 0.326 std 1.023 effrank 446.3 varratio 0.265
step 6350 loss 0.3789 lr 2.69e-04 wd 0.328 std 1.019 effrank 447.8 varratio 0.231
step 6400 loss 0.3936 lr 2.60e-04 wd 0.331 std 1.025 effrank 445.5 varratio 0.252
step 6450 loss 0.3188 lr 2.51e-04 wd 0.333 std 1.024 effrank 445.0 varratio 0.296
step 6500 loss 0.3680 lr 2.42e-04 wd 0.336 std 1.019 effrank 447.5 varratio 0.265
step 6550 loss 0.3835 lr 2.33e-04 wd 0.338 std 1.020 effrank 452.0 varratio 0.283
step 6600 loss 0.3648 lr 2.25e-04 wd 0.340 std 1.020 effrank 450.0 varratio 0.287
step 6650 loss 0.3460 lr 2.16e-04 wd 0.343 std 1.023 effrank 450.2 varratio 0.270
step 6700 loss 0.3473 lr 2.08e-04 wd 0.345 std 1.012 effrank 448.1 varratio 0.251
step 6750 loss 0.2935 lr 1.99e-04 wd 0.347 std 1.015 effrank 448.3 varratio 0.317
step 6800 loss 0.3797 lr 1.91e-04 wd 0.349 std 1.023 effrank 452.3 varratio 0.261
step 6850 loss 0.3646 lr 1.83e-04 wd 0.352 std 1.017 effrank 448.9 varratio 0.282
step 6900 loss 0.3830 lr 1.76e-04 wd 0.354 std 1.019 effrank 453.0 varratio 0.305
step 6950 loss 0.3543 lr 1.68e-04 wd 0.356 std 1.027 effrank 447.6 varratio 0.278
step 7000 loss 0.3058 lr 1.60e-04 wd 0.358 std 1.024 effrank 441.8 varratio 0.306
step 7050 loss 0.3819 lr 1.53e-04 wd 0.360 std 1.013 effrank 450.1 varratio 0.259
step 7100 loss 0.3840 lr 1.45e-04 wd 0.362 std 1.023 effrank 450.2 varratio 0.287
step 7150 loss 0.3723 lr 1.38e-04 wd 0.364 std 1.022 effrank 456.3 varratio 0.256
step 7200 loss 0.3621 lr 1.31e-04 wd 0.366 std 1.019 effrank 455.6 varratio 0.281
step 7250 loss 0.3146 lr 1.25e-04 wd 0.367 std 1.020 effrank 455.7 varratio 0.298
step 7300 loss 0.3256 lr 1.18e-04 wd 0.369 std 1.018 effrank 455.5 varratio 0.328
step 7350 loss 0.3783 lr 1.11e-04 wd 0.371 std 1.019 effrank 455.6 varratio 0.332
step 7400 loss 0.4117 lr 1.05e-04 wd 0.373 std 1.018 effrank 451.3 varratio 0.249
step 7450 loss 0.4933 lr 9.88e-05 wd 0.374 std 1.021 effrank 457.5 varratio 0.236
step 7500 loss 0.3388 lr 9.28e-05 wd 0.376 std 1.019 effrank 456.3 varratio 0.268
step 7550 loss 0.4074 lr 8.70e-05 wd 0.377 std 1.027 effrank 457.1 varratio 0.282
step 7600 loss 0.3437 lr 8.13e-05 wd 0.379 std 1.020 effrank 456.8 varratio 0.290
step 7650 loss 0.4261 lr 7.58e-05 wd 0.380 std 1.022 effrank 453.4 varratio 0.221
step 7700 loss 0.3303 lr 7.05e-05 wd 0.382 std 1.018 effrank 457.9 varratio 0.308
step 7750 loss 0.3459 lr 6.54e-05 wd 0.383 std 1.020 effrank 455.2 varratio 0.266
step 7800 loss 0.2983 lr 6.04e-05 wd 0.384 std 1.021 effrank 457.4 varratio 0.283
step 7850 loss 0.3241 lr 5.57e-05 wd 0.386 std 1.022 effrank 459.4 varratio 0.302
step 7900 loss 0.3373 lr 5.11e-05 wd 0.387 std 1.017 effrank 458.7 varratio 0.311
step 7950 loss 0.3050 lr 4.67e-05 wd 0.388 std 1.020 effrank 457.2 varratio 0.316
step 8000 loss 0.3014 lr 4.25e-05 wd 0.389 std 1.018 effrank 459.3 varratio 0.281
step 8050 loss 0.3631 lr 3.85e-05 wd 0.390 std 1.012 effrank 457.5 varratio 0.297
step 8100 loss 0.3279 lr 3.47e-05 wd 0.391 std 1.023 effrank 459.1 varratio 0.297
step 8150 loss 0.4354 lr 3.11e-05 wd 0.392 std 1.019 effrank 455.9 varratio 0.206
step 8200 loss 0.4161 lr 2.77e-05 wd 0.393 std 1.022 effrank 458.9 varratio 0.242
step 8250 loss 0.3348 lr 2.45e-05 wd 0.394 std 1.019 effrank 460.9 varratio 0.299
step 8300 loss 0.3947 lr 2.15e-05 wd 0.395 std 1.018 effrank 461.1 varratio 0.259
step 8350 loss 0.3199 lr 1.87e-05 wd 0.395 std 1.019 effrank 458.1 varratio 0.287
step 8400 loss 0.3888 lr 1.61e-05 wd 0.396 std 1.017 effrank 457.1 varratio 0.279
step 8450 loss 0.4034 lr 1.37e-05 wd 0.397 std 1.020 effrank 449.9 varratio 0.267
step 8500 loss 0.3365 lr 1.15e-05 wd 0.397 std 1.020 effrank 459.2 varratio 0.285
step 8550 loss 0.3647 lr 9.50e-06 wd 0.398 std 1.018 effrank 459.1 varratio 0.276
step 8600 loss 0.3323 lr 7.72e-06 wd 0.398 std 1.016 effrank 458.3 varratio 0.268
step 8650 loss 0.3099 lr 6.15e-06 wd 0.399 std 1.017 effrank 460.1 varratio 0.297
step 8700 loss 0.3920 lr 4.79e-06 wd 0.399 std 1.022 effrank 455.8 varratio 0.272
step 8750 loss 0.3040 lr 3.63e-06 wd 0.399 std 1.017 effrank 456.1 varratio 0.278
step 8800 loss 0.3781 lr 2.68e-06 wd 0.400 std 1.019 effrank 457.7 varratio 0.245
step 8850 loss 0.2935 lr 1.95e-06 wd 0.400 std 1.017 effrank 459.3 varratio 0.333
step 8900 loss 0.3802 lr 1.42e-06 wd 0.400 std 1.024 effrank 454.6 varratio 0.263
step 8950 loss 0.3481 lr 1.11e-06 wd 0.400 std 1.021 effrank 459.7 varratio 0.275
[run_matrix] tjepa_preddepth4: linear=16.94 conv=20.81 knn=0.6743 gpu_h=2.12
step 0 loss 1.9960 lr 0.00e+00 wd 0.040 std 0.349 effrank 13.7 varratio 0.046
step 50 loss 1.5531 lr 3.70e-05 wd 0.040 std 0.434 effrank 15.3 varratio 0.052
step 100 loss 1.3824 lr 7.41e-05 wd 0.040 std 0.484 effrank 15.7 varratio 0.029
step 150 loss 1.1603 lr 1.11e-04 wd 0.040 std 0.563 effrank 17.8 varratio 0.021
step 200 loss 1.0666 lr 1.48e-04 wd 0.040 std 0.569 effrank 18.8 varratio 0.014
step 250 loss 1.1146 lr 1.85e-04 wd 0.041 std 0.582 effrank 19.3 varratio 0.006
step 300 loss 1.0248 lr 2.22e-04 wd 0.041 std 0.581 effrank 20.5 varratio 0.006
step 350 loss 1.0579 lr 2.59e-04 wd 0.041 std 0.607 effrank 23.7 varratio 0.007
step 400 loss 0.9607 lr 2.96e-04 wd 0.042 std 0.539 effrank 26.3 varratio 0.016
step 450 loss 0.9489 lr 3.33e-04 wd 0.042 std 0.693 effrank 27.4 varratio 0.023
step 500 loss 1.0159 lr 3.70e-04 wd 0.043 std 0.660 effrank 27.9 varratio 0.049
step 550 loss 0.9573 lr 4.07e-04 wd 0.043 std 0.622 effrank 29.8 varratio 0.086
step 600 loss 0.9959 lr 4.44e-04 wd 0.044 std 0.686 effrank 35.7 varratio 0.077
step 650 loss 1.0284 lr 4.81e-04 wd 0.045 std 0.727 effrank 39.5 varratio 0.121
step 700 loss 0.9330 lr 5.19e-04 wd 0.045 std 0.745 effrank 47.2 varratio 0.170
step 750 loss 0.9092 lr 5.56e-04 wd 0.046 std 0.759 effrank 57.2 varratio 0.213
step 800 loss 0.8460 lr 5.93e-04 wd 0.047 std 0.770 effrank 65.0 varratio 0.171
step 850 loss 0.8279 lr 6.30e-04 wd 0.048 std 0.834 effrank 76.6 varratio 0.278
step 900 loss 0.6178 lr 6.67e-04 wd 0.049 std 0.873 effrank 88.9 varratio 0.352
step 950 loss 0.7798 lr 7.04e-04 wd 0.050 std 0.885 effrank 104.9 varratio 0.272
step 1000 loss 0.5637 lr 7.41e-04 wd 0.051 std 0.895 effrank 115.9 varratio 0.384
step 1050 loss 0.6508 lr 7.78e-04 wd 0.052 std 0.928 effrank 132.0 varratio 0.300
step 1100 loss 0.6215 lr 8.15e-04 wd 0.053 std 0.915 effrank 136.4 varratio 0.246
step 1150 loss 0.7068 lr 8.52e-04 wd 0.054 std 0.946 effrank 145.1 varratio 0.303
step 1200 loss 0.4716 lr 8.89e-04 wd 0.056 std 0.968 effrank 154.1 varratio 0.308
step 1250 loss 0.5895 lr 9.26e-04 wd 0.057 std 0.983 effrank 163.5 varratio 0.283
step 1300 loss 0.5025 lr 9.63e-04 wd 0.058 std 0.977 effrank 176.3 varratio 0.297
step 1350 loss 0.5577 lr 1.00e-03 wd 0.060 std 0.978 effrank 185.8 varratio 0.269
step 1400 loss 0.3603 lr 1.00e-03 wd 0.061 std 0.993 effrank 194.3 varratio 0.462
step 1450 loss 0.5677 lr 1.00e-03 wd 0.063 std 0.997 effrank 202.6 varratio 0.299
step 1500 loss 0.5357 lr 9.99e-04 wd 0.064 std 0.999 effrank 216.3 varratio 0.307
step 1550 loss 0.4716 lr 9.98e-04 wd 0.066 std 0.994 effrank 219.5 varratio 0.316
step 1600 loss 0.3568 lr 9.97e-04 wd 0.067 std 1.000 effrank 226.1 varratio 0.429
step 1650 loss 0.4314 lr 9.96e-04 wd 0.069 std 1.004 effrank 226.9 varratio 0.298
step 1700 loss 0.4307 lr 9.95e-04 wd 0.071 std 1.002 effrank 236.2 varratio 0.313
step 1750 loss 0.4084 lr 9.93e-04 wd 0.073 std 1.013 effrank 241.1 varratio 0.340
step 1800 loss 0.6331 lr 9.91e-04 wd 0.074 std 1.006 effrank 250.0 varratio 0.291
step 1850 loss 0.5103 lr 9.90e-04 wd 0.076 std 1.010 effrank 258.6 varratio 0.284
step 1900 loss 0.4046 lr 9.87e-04 wd 0.078 std 1.010 effrank 262.3 varratio 0.354
step 1950 loss 0.5506 lr 9.85e-04 wd 0.080 std 1.011 effrank 270.8 varratio 0.285
step 2000 loss 0.3729 lr 9.82e-04 wd 0.082 std 1.023 effrank 271.7 varratio 0.323
step 2050 loss 0.4543 lr 9.80e-04 wd 0.084 std 1.016 effrank 282.1 varratio 0.323
step 2100 loss 0.4577 lr 9.76e-04 wd 0.086 std 1.010 effrank 289.8 varratio 0.278
step 2150 loss 0.4760 lr 9.73e-04 wd 0.088 std 1.014 effrank 294.2 varratio 0.296
step 2200 loss 0.3860 lr 9.70e-04 wd 0.091 std 1.010 effrank 299.0 varratio 0.293
step 2250 loss 0.3702 lr 9.66e-04 wd 0.093 std 1.009 effrank 301.4 varratio 0.337
step 2300 loss 0.4084 lr 9.62e-04 wd 0.095 std 1.018 effrank 303.9 varratio 0.301
step 2350 loss 0.4649 lr 9.58e-04 wd 0.097 std 1.016 effrank 303.1 varratio 0.218
step 2400 loss 0.3843 lr 9.54e-04 wd 0.100 std 1.003 effrank 305.1 varratio 0.327
step 2450 loss 0.4402 lr 9.50e-04 wd 0.102 std 1.017 effrank 310.7 varratio 0.280
step 2500 loss 0.3509 lr 9.45e-04 wd 0.104 std 1.019 effrank 317.8 varratio 0.308
step 2550 loss 0.3479 lr 9.41e-04 wd 0.107 std 1.016 effrank 320.1 varratio 0.305
step 2600 loss 0.4082 lr 9.36e-04 wd 0.109 std 1.018 effrank 326.8 varratio 0.302
step 2650 loss 0.3370 lr 9.30e-04 wd 0.112 std 1.020 effrank 330.8 varratio 0.344
step 2700 loss 0.5269 lr 9.25e-04 wd 0.114 std 1.013 effrank 335.5 varratio 0.276
step 2750 loss 0.4582 lr 9.20e-04 wd 0.117 std 1.023 effrank 314.4 varratio 0.274
step 2800 loss 0.3792 lr 9.14e-04 wd 0.119 std 1.010 effrank 328.4 varratio 0.318
step 2850 loss 0.3821 lr 9.08e-04 wd 0.122 std 1.010 effrank 331.2 varratio 0.305
step 2900 loss 0.3720 lr 9.02e-04 wd 0.125 std 1.013 effrank 335.6 varratio 0.298
step 2950 loss 0.3653 lr 8.96e-04 wd 0.127 std 1.024 effrank 338.7 varratio 0.288
step 3000 loss 0.3476 lr 8.90e-04 wd 0.130 std 1.019 effrank 333.3 varratio 0.293
step 3050 loss 0.4703 lr 8.83e-04 wd 0.133 std 1.015 effrank 332.0 varratio 0.264
step 3100 loss 0.4562 lr 8.76e-04 wd 0.135 std 1.028 effrank 336.4 varratio 0.267
step 3150 loss 0.3999 lr 8.70e-04 wd 0.138 std 1.023 effrank 342.0 varratio 0.312
step 3200 loss 0.4190 lr 8.63e-04 wd 0.141 std 1.014 effrank 347.7 varratio 0.301
step 3250 loss 0.4667 lr 8.56e-04 wd 0.144 std 1.017 effrank 344.0 varratio 0.218
step 3300 loss 0.4718 lr 8.48e-04 wd 0.147 std 1.016 effrank 340.2 varratio 0.263
step 3350 loss 0.3119 lr 8.41e-04 wd 0.150 std 1.019 effrank 337.0 varratio 0.315
step 3400 loss 0.4790 lr 8.33e-04 wd 0.153 std 1.016 effrank 349.5 varratio 0.237
step 3450 loss 0.5024 lr 8.25e-04 wd 0.155 std 1.018 effrank 350.1 varratio 0.262
step 3500 loss 0.3518 lr 8.18e-04 wd 0.158 std 1.019 effrank 356.0 varratio 0.342
step 3550 loss 0.3898 lr 8.10e-04 wd 0.161 std 1.021 effrank 361.7 varratio 0.295
step 3600 loss 0.3536 lr 8.02e-04 wd 0.164 std 1.024 effrank 361.9 varratio 0.352
step 3650 loss 0.3878 lr 7.93e-04 wd 0.167 std 1.016 effrank 361.3 varratio 0.342
step 3700 loss 0.3880 lr 7.85e-04 wd 0.170 std 1.019 effrank 368.2 varratio 0.331
step 3750 loss 0.3930 lr 7.76e-04 wd 0.173 std 1.017 effrank 370.2 varratio 0.280
step 3800 loss 0.4435 lr 7.68e-04 wd 0.176 std 1.017 effrank 371.6 varratio 0.328
step 3850 loss 0.4414 lr 7.59e-04 wd 0.180 std 1.024 effrank 371.0 varratio 0.266
step 3900 loss 0.3542 lr 7.50e-04 wd 0.183 std 1.014 effrank 375.5 varratio 0.318
step 3950 loss 0.4479 lr 7.41e-04 wd 0.186 std 1.014 effrank 379.0 varratio 0.302
step 4000 loss 0.3365 lr 7.32e-04 wd 0.189 std 1.018 effrank 380.5 varratio 0.364
step 4050 loss 0.3746 lr 7.23e-04 wd 0.192 std 1.023 effrank 379.8 varratio 0.278
step 4100 loss 0.4336 lr 7.14e-04 wd 0.195 std 1.021 effrank 375.7 varratio 0.315
step 4150 loss 0.5176 lr 7.05e-04 wd 0.198 std 1.020 effrank 377.2 varratio 0.254
step 4200 loss 0.4005 lr 6.95e-04 wd 0.201 std 1.010 effrank 380.7 varratio 0.303
step 4250 loss 0.4296 lr 6.86e-04 wd 0.204 std 1.014 effrank 379.8 varratio 0.269
step 4300 loss 0.4423 lr 6.76e-04 wd 0.207 std 1.017 effrank 372.1 varratio 0.325
step 4350 loss 0.4638 lr 6.67e-04 wd 0.211 std 1.022 effrank 382.5 varratio 0.287
step 4400 loss 0.3430 lr 6.57e-04 wd 0.214 std 1.021 effrank 386.5 varratio 0.329
step 4450 loss 0.4396 lr 6.47e-04 wd 0.217 std 1.017 effrank 385.3 varratio 0.284
step 4500 loss 0.5001 lr 6.37e-04 wd 0.220 std 1.015 effrank 387.3 varratio 0.283
step 4550 loss 0.3960 lr 6.27e-04 wd 0.223 std 1.020 effrank 384.5 varratio 0.323
step 4600 loss 0.3737 lr 6.17e-04 wd 0.226 std 1.025 effrank 388.7 varratio 0.290
step 4650 loss 0.3916 lr 6.07e-04 wd 0.229 std 1.024 effrank 389.9 varratio 0.312
step 4700 loss 0.3868 lr 5.97e-04 wd 0.233 std 1.015 effrank 386.2 varratio 0.334
step 4750 loss 0.3813 lr 5.87e-04 wd 0.236 std 1.017 effrank 388.0 varratio 0.316
step 4800 loss 0.4038 lr 5.77e-04 wd 0.239 std 1.019 effrank 380.7 varratio 0.349
step 4850 loss 0.4150 lr 5.67e-04 wd 0.242 std 1.021 effrank 387.6 varratio 0.314
step 4900 loss 0.3350 lr 5.57e-04 wd 0.245 std 1.019 effrank 395.3 varratio 0.334
step 4950 loss 0.4093 lr 5.47e-04 wd 0.248 std 1.025 effrank 392.0 varratio 0.293
step 5000 loss 0.5075 lr 5.36e-04 wd 0.251 std 1.016 effrank 393.8 varratio 0.228
step 5050 loss 0.4549 lr 5.26e-04 wd 0.254 std 1.024 effrank 391.4 varratio 0.305
step 5100 loss 0.3471 lr 5.16e-04 wd 0.257 std 1.020 effrank 393.4 varratio 0.354
step 5150 loss 0.4440 lr 5.06e-04 wd 0.260 std 1.020 effrank 396.4 varratio 0.327
step 5200 loss 0.4114 lr 4.95e-04 wd 0.264 std 1.016 effrank 400.6 varratio 0.279
step 5250 loss 0.4687 lr 4.85e-04 wd 0.267 std 1.020 effrank 402.0 varratio 0.303
step 5300 loss 0.4724 lr 4.75e-04 wd 0.270 std 1.016 effrank 399.9 varratio 0.252
step 5350 loss 0.4542 lr 4.65e-04 wd 0.273 std 1.020 effrank 402.0 varratio 0.268
step 5400 loss 0.4146 lr 4.54e-04 wd 0.276 std 1.017 effrank 405.5 varratio 0.334
step 5450 loss 0.4625 lr 4.44e-04 wd 0.279 std 1.022 effrank 402.9 varratio 0.313
step 5500 loss 0.4062 lr 4.34e-04 wd 0.282 std 1.018 effrank 402.6 varratio 0.315
step 5550 loss 0.4163 lr 4.24e-04 wd 0.285 std 1.018 effrank 403.0 varratio 0.313
step 5600 loss 0.4540 lr 4.14e-04 wd 0.287 std 1.018 effrank 406.8 varratio 0.283
step 5650 loss 0.4883 lr 4.04e-04 wd 0.290 std 1.017 effrank 403.7 varratio 0.291
step 5700 loss 0.4371 lr 3.94e-04 wd 0.293 std 1.022 effrank 403.3 varratio 0.309
step 5750 loss 0.3889 lr 3.84e-04 wd 0.296 std 1.017 effrank 410.4 varratio 0.322
step 5800 loss 0.4258 lr 3.74e-04 wd 0.299 std 1.017 effrank 406.3 varratio 0.291
step 5850 loss 0.4366 lr 3.64e-04 wd 0.302 std 1.018 effrank 405.0 varratio 0.333
step 5900 loss 0.4116 lr 3.54e-04 wd 0.305 std 1.017 effrank 409.2 varratio 0.280
step 5950 loss 0.3516 lr 3.44e-04 wd 0.307 std 1.020 effrank 410.1 varratio 0.311
step 6000 loss 0.3862 lr 3.34e-04 wd 0.310 std 1.019 effrank 407.6 varratio 0.343
step 6050 loss 0.3921 lr 3.25e-04 wd 0.313 std 1.016 effrank 409.7 varratio 0.268
step 6100 loss 0.4325 lr 3.15e-04 wd 0.315 std 1.019 effrank 405.3 varratio 0.348
step 6150 loss 0.4142 lr 3.06e-04 wd 0.318 std 1.019 effrank 412.2 varratio 0.300
step 6200 loss 0.4275 lr 2.96e-04 wd 0.321 std 1.019 effrank 404.7 varratio 0.350
step 6250 loss 0.3669 lr 2.87e-04 wd 0.323 std 1.017 effrank 411.5 varratio 0.310
step 6300 loss 0.4422 lr 2.78e-04 wd 0.326 std 1.021 effrank 412.9 varratio 0.288
step 6350 loss 0.3666 lr 2.69e-04 wd 0.328 std 1.019 effrank 414.0 varratio 0.335
step 6400 loss 0.4548 lr 2.60e-04 wd 0.331 std 1.020 effrank 407.7 varratio 0.298
step 6450 loss 0.4981 lr 2.51e-04 wd 0.333 std 1.019 effrank 414.8 varratio 0.289
step 6500 loss 0.3547 lr 2.42e-04 wd 0.336 std 1.017 effrank 413.5 varratio 0.338
step 6550 loss 0.4007 lr 2.33e-04 wd 0.338 std 1.016 effrank 416.2 varratio 0.340
step 6600 loss 0.4864 lr 2.25e-04 wd 0.340 std 1.022 effrank 416.3 varratio 0.306
step 6650 loss 0.3714 lr 2.16e-04 wd 0.343 std 1.022 effrank 419.6 varratio 0.336
step 6700 loss 0.4973 lr 2.08e-04 wd 0.345 std 1.022 effrank 418.1 varratio 0.295
step 6750 loss 0.4907 lr 1.99e-04 wd 0.347 std 1.021 effrank 417.2 varratio 0.265
step 6800 loss 0.3912 lr 1.91e-04 wd 0.349 std 1.019 effrank 418.5 varratio 0.344
step 6850 loss 0.3740 lr 1.83e-04 wd 0.352 std 1.024 effrank 416.0 varratio 0.336
step 6900 loss 0.3992 lr 1.76e-04 wd 0.354 std 1.014 effrank 419.6 varratio 0.354
step 6950 loss 0.4259 lr 1.68e-04 wd 0.356 std 1.023 effrank 419.5 varratio 0.299
step 7000 loss 0.4269 lr 1.60e-04 wd 0.358 std 1.023 effrank 415.4 varratio 0.283
step 7050 loss 0.3700 lr 1.53e-04 wd 0.360 std 1.022 effrank 418.0 varratio 0.341
step 7100 loss 0.4024 lr 1.45e-04 wd 0.362 std 1.020 effrank 422.8 varratio 0.357
step 7150 loss 0.3828 lr 1.38e-04 wd 0.364 std 1.016 effrank 424.4 varratio 0.283
step 7200 loss 0.3830 lr 1.31e-04 wd 0.366 std 1.016 effrank 424.6 varratio 0.322
step 7250 loss 0.3554 lr 1.25e-04 wd 0.367 std 1.018 effrank 427.7 varratio 0.384
step 7300 loss 0.3521 lr 1.18e-04 wd 0.369 std 1.020 effrank 426.0 varratio 0.367
step 7350 loss 0.3582 lr 1.11e-04 wd 0.371 std 1.016 effrank 428.2 varratio 0.347
step 7400 loss 0.4518 lr 1.05e-04 wd 0.373 std 1.018 effrank 427.5 varratio 0.286
step 7450 loss 0.5000 lr 9.88e-05 wd 0.374 std 1.022 effrank 427.8 varratio 0.284
step 7500 loss 0.5227 lr 9.28e-05 wd 0.376 std 1.016 effrank 427.3 varratio 0.309
step 7550 loss 0.3975 lr 8.70e-05 wd 0.377 std 1.015 effrank 428.6 varratio 0.279
step 7600 loss 0.4655 lr 8.13e-05 wd 0.379 std 1.017 effrank 429.5 varratio 0.321
step 7650 loss 0.4622 lr 7.58e-05 wd 0.380 std 1.017 effrank 426.9 varratio 0.342
step 7700 loss 0.4381 lr 7.05e-05 wd 0.382 std 1.021 effrank 428.1 varratio 0.301
step 7750 loss 0.4084 lr 6.54e-05 wd 0.383 std 1.019 effrank 429.0 varratio 0.306
step 7800 loss 0.4930 lr 6.04e-05 wd 0.384 std 1.021 effrank 431.3 varratio 0.299
step 7850 loss 0.5040 lr 5.57e-05 wd 0.386 std 1.019 effrank 430.3 varratio 0.327
step 7900 loss 0.4692 lr 5.11e-05 wd 0.387 std 1.019 effrank 432.6 varratio 0.319
step 7950 loss 0.4934 lr 4.67e-05 wd 0.388 std 1.020 effrank 430.4 varratio 0.269
step 8000 loss 0.4148 lr 4.25e-05 wd 0.389 std 1.020 effrank 432.4 varratio 0.325
step 8050 loss 0.4431 lr 3.85e-05 wd 0.390 std 1.017 effrank 431.2 varratio 0.349
step 8100 loss 0.4643 lr 3.47e-05 wd 0.391 std 1.019 effrank 432.7 varratio 0.299
step 8150 loss 0.4229 lr 3.11e-05 wd 0.392 std 1.022 effrank 430.3 varratio 0.305
step 8200 loss 0.4110 lr 2.77e-05 wd 0.393 std 1.019 effrank 431.7 varratio 0.343
step 8250 loss 0.3688 lr 2.45e-05 wd 0.394 std 1.019 effrank 432.0 varratio 0.330
step 8300 loss 0.3510 lr 2.15e-05 wd 0.395 std 1.020 effrank 433.0 varratio 0.344
step 8350 loss 0.4311 lr 1.87e-05 wd 0.395 std 1.018 effrank 431.9 varratio 0.361
step 8400 loss 0.3901 lr 1.61e-05 wd 0.396 std 1.020 effrank 429.5 varratio 0.341
step 8450 loss 0.4244 lr 1.37e-05 wd 0.397 std 1.023 effrank 421.6 varratio 0.342
step 8500 loss 0.4409 lr 1.15e-05 wd 0.397 std 1.018 effrank 433.3 varratio 0.303
step 8550 loss 0.4148 lr 9.50e-06 wd 0.398 std 1.019 effrank 432.7 varratio 0.364
step 8600 loss 0.3936 lr 7.72e-06 wd 0.398 std 1.020 effrank 431.2 varratio 0.321
step 8650 loss 0.4028 lr 6.15e-06 wd 0.399 std 1.015 effrank 432.7 varratio 0.354
step 8700 loss 0.4037 lr 4.79e-06 wd 0.399 std 1.020 effrank 433.5 varratio 0.306
step 8750 loss 0.3815 lr 3.63e-06 wd 0.399 std 1.017 effrank 431.7 varratio 0.322
step 8800 loss 0.4181 lr 2.68e-06 wd 0.400 std 1.019 effrank 434.1 varratio 0.319
step 8850 loss 0.4645 lr 1.95e-06 wd 0.400 std 1.018 effrank 429.1 varratio 0.316
step 8900 loss 0.4533 lr 1.42e-06 wd 0.400 std 1.019 effrank 432.0 varratio 0.334
step 8950 loss 0.4388 lr 1.11e-06 wd 0.400 std 1.018 effrank 432.2 varratio 0.307
[run_matrix] tjepa_preddepth6: linear=17.46 conv=21.36 knn=0.6867 gpu_h=4.08
[build_model] predictor width clamped to 64 (heads 2) to stay narrower than encoder width 128.
step 0 loss 2.0216 lr 0.00e+00 wd 0.040 std 0.348 effrank 13.8 varratio 0.043
step 50 loss 1.8971 lr 3.70e-05 wd 0.040 std 0.398 effrank 14.2 varratio 0.047
step 100 loss 1.7390 lr 7.41e-05 wd 0.040 std 0.520 effrank 13.8 varratio 0.031
step 150 loss 1.4503 lr 1.11e-04 wd 0.040 std 0.665 effrank 13.9 varratio 0.054
step 200 loss 1.3257 lr 1.48e-04 wd 0.040 std 0.727 effrank 14.2 varratio 0.040
step 250 loss 1.1876 lr 1.85e-04 wd 0.041 std 0.774 effrank 14.9 varratio 0.033
step 300 loss 1.1391 lr 2.22e-04 wd 0.041 std 0.796 effrank 15.7 varratio 0.022
step 350 loss 0.9775 lr 2.59e-04 wd 0.041 std 0.824 effrank 16.2 varratio 0.029
step 400 loss 1.0085 lr 2.96e-04 wd 0.042 std 0.858 effrank 17.0 varratio 0.016
step 450 loss 0.9553 lr 3.33e-04 wd 0.042 std 0.850 effrank 17.0 varratio 0.012
step 500 loss 0.8632 lr 3.70e-04 wd 0.043 std 0.878 effrank 17.6 varratio 0.012
step 550 loss 0.8813 lr 4.07e-04 wd 0.043 std 0.892 effrank 19.0 varratio 0.010
step 600 loss 0.8035 lr 4.44e-04 wd 0.044 std 0.898 effrank 19.6 varratio 0.012
step 650 loss 0.7751 lr 4.81e-04 wd 0.045 std 0.908 effrank 20.0 varratio 0.013
step 700 loss 0.7714 lr 5.19e-04 wd 0.045 std 0.922 effrank 20.6 varratio 0.019
step 750 loss 0.7348 lr 5.56e-04 wd 0.046 std 0.919 effrank 21.9 varratio 0.022
step 800 loss 0.8303 lr 5.93e-04 wd 0.047 std 0.924 effrank 23.5 varratio 0.020
step 850 loss 0.7771 lr 6.30e-04 wd 0.048 std 0.941 effrank 23.9 varratio 0.029
step 900 loss 0.6999 lr 6.67e-04 wd 0.049 std 0.876 effrank 25.0 varratio 0.043
step 950 loss 0.7171 lr 7.04e-04 wd 0.050 std 0.931 effrank 25.0 varratio 0.076
step 1000 loss 0.6960 lr 7.41e-04 wd 0.051 std 0.959 effrank 26.6 varratio 0.142
step 1050 loss 0.6657 lr 7.78e-04 wd 0.052 std 0.964 effrank 28.0 varratio 0.142
step 1100 loss 0.6558 lr 8.15e-04 wd 0.053 std 0.973 effrank 29.3 varratio 0.137
step 1150 loss 0.6423 lr 8.52e-04 wd 0.054 std 0.976 effrank 29.8 varratio 0.160
step 1200 loss 0.6458 lr 8.89e-04 wd 0.056 std 0.988 effrank 31.2 varratio 0.196
step 1250 loss 0.6802 lr 9.26e-04 wd 0.057 std 0.979 effrank 32.9 varratio 0.175
step 1300 loss 0.6136 lr 9.63e-04 wd 0.058 std 0.992 effrank 34.2 varratio 0.208
step 1350 loss 0.5428 lr 1.00e-03 wd 0.060 std 0.991 effrank 35.1 varratio 0.245
step 1400 loss 0.5267 lr 1.00e-03 wd 0.061 std 0.986 effrank 35.6 varratio 0.263
step 1450 loss 0.4533 lr 1.00e-03 wd 0.063 std 0.996 effrank 36.5 varratio 0.342
step 1500 loss 0.5936 lr 9.99e-04 wd 0.064 std 0.992 effrank 37.8 varratio 0.292
step 1550 loss 0.5256 lr 9.98e-04 wd 0.066 std 1.000 effrank 38.9 varratio 0.330
step 1600 loss 0.6643 lr 9.97e-04 wd 0.067 std 1.004 effrank 40.2 varratio 0.315
step 1650 loss 0.4918 lr 9.96e-04 wd 0.069 std 1.001 effrank 40.8 varratio 0.341
step 1700 loss 0.5090 lr 9.95e-04 wd 0.071 std 0.999 effrank 41.7 varratio 0.359
step 1750 loss 0.4758 lr 9.93e-04 wd 0.073 std 1.004 effrank 43.2 varratio 0.374
step 1800 loss 0.4735 lr 9.91e-04 wd 0.074 std 1.006 effrank 44.6 varratio 0.387
step 1850 loss 0.4730 lr 9.90e-04 wd 0.076 std 1.002 effrank 45.3 varratio 0.403
step 1900 loss 0.4535 lr 9.87e-04 wd 0.078 std 1.008 effrank 45.9 varratio 0.400
step 1950 loss 0.5103 lr 9.85e-04 wd 0.080 std 1.017 effrank 47.1 varratio 0.407
step 2000 loss 0.5008 lr 9.82e-04 wd 0.082 std 1.008 effrank 47.9 varratio 0.429
step 2050 loss 0.5070 lr 9.80e-04 wd 0.084 std 1.005 effrank 48.2 varratio 0.415
step 2100 loss 0.4216 lr 9.76e-04 wd 0.086 std 1.007 effrank 49.1 varratio 0.453
step 2150 loss 0.4252 lr 9.73e-04 wd 0.088 std 1.005 effrank 50.0 varratio 0.428
step 2200 loss 0.4782 lr 9.70e-04 wd 0.091 std 1.008 effrank 49.7 varratio 0.426
step 2250 loss 0.4734 lr 9.66e-04 wd 0.093 std 1.012 effrank 51.8 varratio 0.441
step 2300 loss 0.3226 lr 9.62e-04 wd 0.095 std 1.011 effrank 52.8 varratio 0.490
step 2350 loss 0.3502 lr 9.58e-04 wd 0.097 std 1.010 effrank 52.9 varratio 0.525
step 2400 loss 0.3364 lr 9.54e-04 wd 0.100 std 1.011 effrank 54.3 varratio 0.513
step 2450 loss 0.4259 lr 9.50e-04 wd 0.102 std 1.006 effrank 55.0 varratio 0.474
step 2500 loss 0.3899 lr 9.45e-04 wd 0.104 std 1.009 effrank 56.2 varratio 0.501
step 2550 loss 0.3481 lr 9.41e-04 wd 0.107 std 1.007 effrank 56.2 varratio 0.535
step 2600 loss 0.3721 lr 9.36e-04 wd 0.109 std 1.013 effrank 58.0 varratio 0.515
step 2650 loss 0.3835 lr 9.30e-04 wd 0.112 std 1.011 effrank 57.7 varratio 0.519
step 2700 loss 0.3456 lr 9.25e-04 wd 0.114 std 1.003 effrank 58.6 varratio 0.529
step 2750 loss 0.3914 lr 9.20e-04 wd 0.117 std 1.013 effrank 59.6 varratio 0.538
step 2800 loss 0.2978 lr 9.14e-04 wd 0.119 std 1.014 effrank 60.6 varratio 0.551
step 2850 loss 0.3972 lr 9.08e-04 wd 0.122 std 1.014 effrank 61.6 varratio 0.519
step 2900 loss 0.3341 lr 9.02e-04 wd 0.125 std 1.009 effrank 59.8 varratio 0.554
step 2950 loss 0.3464 lr 8.96e-04 wd 0.127 std 1.014 effrank 62.1 varratio 0.585
step 3000 loss 0.3353 lr 8.90e-04 wd 0.130 std 1.018 effrank 63.5 varratio 0.566
step 3050 loss 0.2565 lr 8.83e-04 wd 0.133 std 1.017 effrank 64.1 varratio 0.580
step 3100 loss 0.2698 lr 8.76e-04 wd 0.135 std 1.012 effrank 64.1 varratio 0.600
step 3150 loss 0.3188 lr 8.70e-04 wd 0.138 std 1.019 effrank 65.7 varratio 0.565
step 3200 loss 0.2822 lr 8.63e-04 wd 0.141 std 1.014 effrank 65.4 varratio 0.585
step 3250 loss 0.3381 lr 8.56e-04 wd 0.144 std 1.019 effrank 65.1 varratio 0.576
step 3300 loss 0.4031 lr 8.48e-04 wd 0.147 std 1.014 effrank 67.4 varratio 0.566
step 3350 loss 0.3322 lr 8.41e-04 wd 0.150 std 1.012 effrank 67.7 varratio 0.580
step 3400 loss 0.2673 lr 8.33e-04 wd 0.153 std 1.014 effrank 68.2 varratio 0.602
step 3450 loss 0.2352 lr 8.25e-04 wd 0.155 std 1.018 effrank 68.7 varratio 0.605
step 3500 loss 0.3128 lr 8.18e-04 wd 0.158 std 1.015 effrank 69.3 varratio 0.580
step 3550 loss 0.2848 lr 8.10e-04 wd 0.161 std 1.013 effrank 68.8 varratio 0.591
step 3600 loss 0.3005 lr 8.02e-04 wd 0.164 std 1.018 effrank 71.4 varratio 0.613
step 3650 loss 0.3485 lr 7.93e-04 wd 0.167 std 1.016 effrank 71.8 varratio 0.622
step 3700 loss 0.2512 lr 7.85e-04 wd 0.170 std 1.015 effrank 71.6 varratio 0.628
step 3750 loss 0.3620 lr 7.76e-04 wd 0.173 std 1.016 effrank 71.5 varratio 0.602
step 3800 loss 0.3396 lr 7.68e-04 wd 0.176 std 1.020 effrank 73.0 varratio 0.597
step 3850 loss 0.3105 lr 7.59e-04 wd 0.180 std 1.024 effrank 73.3 varratio 0.631
step 3900 loss 0.2626 lr 7.50e-04 wd 0.183 std 1.018 effrank 73.8 varratio 0.636
step 3950 loss 0.3139 lr 7.41e-04 wd 0.186 std 1.016 effrank 74.6 varratio 0.611
step 4000 loss 0.2761 lr 7.32e-04 wd 0.189 std 1.014 effrank 75.6 varratio 0.620
step 4050 loss 0.2178 lr 7.23e-04 wd 0.192 std 1.014 effrank 75.2 varratio 0.644
step 4100 loss 0.2486 lr 7.14e-04 wd 0.195 std 1.016 effrank 75.8 varratio 0.644
step 4150 loss 0.2752 lr 7.05e-04 wd 0.198 std 1.014 effrank 76.8 varratio 0.617
step 4200 loss 0.2721 lr 6.95e-04 wd 0.201 std 1.017 effrank 77.6 varratio 0.605
step 4250 loss 0.2761 lr 6.86e-04 wd 0.204 std 1.019 effrank 78.0 varratio 0.628
step 4300 loss 0.3795 lr 6.76e-04 wd 0.207 std 1.013 effrank 78.0 varratio 0.638
step 4350 loss 0.3352 lr 6.67e-04 wd 0.211 std 1.022 effrank 76.0 varratio 0.668
step 4400 loss 0.2416 lr 6.57e-04 wd 0.214 std 1.019 effrank 80.4 varratio 0.651
step 4450 loss 0.2725 lr 6.47e-04 wd 0.217 std 1.016 effrank 79.1 varratio 0.628
step 4500 loss 0.2531 lr 6.37e-04 wd 0.220 std 1.019 effrank 79.2 varratio 0.631
step 4550 loss 0.2557 lr 6.27e-04 wd 0.223 std 1.019 effrank 78.9 varratio 0.651
step 4600 loss 0.2936 lr 6.17e-04 wd 0.226 std 1.014 effrank 80.0 varratio 0.657
step 4650 loss 0.1981 lr 6.07e-04 wd 0.229 std 1.019 effrank 82.0 varratio 0.658
step 4700 loss 0.2142 lr 5.97e-04 wd 0.233 std 1.020 effrank 81.7 varratio 0.627
step 4750 loss 0.2304 lr 5.87e-04 wd 0.236 std 1.020 effrank 83.1 varratio 0.622
step 4800 loss 0.2657 lr 5.77e-04 wd 0.239 std 1.022 effrank 81.7 varratio 0.685
step 4850 loss 0.2530 lr 5.67e-04 wd 0.242 std 1.019 effrank 84.1 varratio 0.655
step 4900 loss 0.2459 lr 5.57e-04 wd 0.245 std 1.017 effrank 84.3 varratio 0.636
step 4950 loss 0.2261 lr 5.47e-04 wd 0.248 std 1.014 effrank 84.4 varratio 0.657
step 5000 loss 0.2864 lr 5.36e-04 wd 0.251 std 1.014 effrank 84.7 varratio 0.657
step 5050 loss 0.2333 lr 5.26e-04 wd 0.254 std 1.020 effrank 83.1 varratio 0.650
step 5100 loss 0.2564 lr 5.16e-04 wd 0.257 std 1.023 effrank 83.9 varratio 0.630
step 5150 loss 0.2014 lr 5.06e-04 wd 0.260 std 1.020 effrank 84.5 varratio 0.672
step 5200 loss 0.3193 lr 4.95e-04 wd 0.264 std 1.017 effrank 86.8 varratio 0.624
step 5250 loss 0.2658 lr 4.85e-04 wd 0.267 std 1.019 effrank 86.9 varratio 0.658
step 5300 loss 0.3259 lr 4.75e-04 wd 0.270 std 1.018 effrank 87.6 varratio 0.653
step 5350 loss 0.3121 lr 4.65e-04 wd 0.273 std 1.021 effrank 87.8 varratio 0.639
step 5400 loss 0.2095 lr 4.54e-04 wd 0.276 std 1.019 effrank 87.7 varratio 0.652
step 5450 loss 0.2187 lr 4.44e-04 wd 0.279 std 1.018 effrank 88.3 varratio 0.657
step 5500 loss 0.2913 lr 4.34e-04 wd 0.282 std 1.019 effrank 88.1 varratio 0.670
step 5550 loss 0.2113 lr 4.24e-04 wd 0.285 std 1.023 effrank 88.9 varratio 0.648
step 5600 loss 0.2107 lr 4.14e-04 wd 0.287 std 1.024 effrank 88.8 varratio 0.676
step 5650 loss 0.2668 lr 4.04e-04 wd 0.290 std 1.019 effrank 90.0 varratio 0.637
step 5700 loss 0.1776 lr 3.94e-04 wd 0.293 std 1.017 effrank 88.2 varratio 0.685
step 5750 loss 0.2163 lr 3.84e-04 wd 0.296 std 1.017 effrank 88.8 varratio 0.685
step 5800 loss 0.2114 lr 3.74e-04 wd 0.299 std 1.018 effrank 90.4 varratio 0.677
step 5850 loss 0.2543 lr 3.64e-04 wd 0.302 std 1.021 effrank 92.0 varratio 0.666
step 5900 loss 0.2252 lr 3.54e-04 wd 0.305 std 1.019 effrank 90.9 varratio 0.657
step 5950 loss 0.2292 lr 3.44e-04 wd 0.307 std 1.013 effrank 91.3 varratio 0.665
step 6000 loss 0.3516 lr 3.34e-04 wd 0.310 std 1.017 effrank 92.6 varratio 0.681
step 6050 loss 0.2184 lr 3.25e-04 wd 0.313 std 1.018 effrank 92.3 varratio 0.681
step 6100 loss 0.2124 lr 3.15e-04 wd 0.315 std 1.022 effrank 92.4 varratio 0.695
step 6150 loss 0.1871 lr 3.06e-04 wd 0.318 std 1.021 effrank 92.7 varratio 0.663
step 6200 loss 0.2271 lr 2.96e-04 wd 0.321 std 1.020 effrank 91.0 varratio 0.686
step 6250 loss 0.2062 lr 2.87e-04 wd 0.323 std 1.018 effrank 93.3 varratio 0.666
step 6300 loss 0.2086 lr 2.78e-04 wd 0.326 std 1.015 effrank 93.8 varratio 0.707
step 6350 loss 0.2300 lr 2.69e-04 wd 0.328 std 1.018 effrank 94.5 varratio 0.677
step 6400 loss 0.1965 lr 2.60e-04 wd 0.331 std 1.016 effrank 94.5 varratio 0.687
step 6450 loss 0.2718 lr 2.51e-04 wd 0.333 std 1.019 effrank 94.3 varratio 0.667
step 6500 loss 0.2137 lr 2.42e-04 wd 0.336 std 1.019 effrank 94.6 varratio 0.728
step 6550 loss 0.2175 lr 2.33e-04 wd 0.338 std 1.016 effrank 94.6 varratio 0.655
step 6600 loss 0.2076 lr 2.25e-04 wd 0.340 std 1.020 effrank 93.4 varratio 0.664
step 6650 loss 0.2093 lr 2.16e-04 wd 0.343 std 1.017 effrank 95.4 varratio 0.678
step 6700 loss 0.1904 lr 2.08e-04 wd 0.345 std 1.018 effrank 94.7 varratio 0.655
step 6750 loss 0.1828 lr 1.99e-04 wd 0.347 std 1.017 effrank 96.1 varratio 0.696
step 6800 loss 0.2452 lr 1.91e-04 wd 0.349 std 1.013 effrank 94.6 varratio 0.661
step 6850 loss 0.2060 lr 1.83e-04 wd 0.352 std 1.020 effrank 94.3 varratio 0.704
step 6900 loss 0.2058 lr 1.76e-04 wd 0.354 std 1.020 effrank 96.3 varratio 0.691
step 6950 loss 0.1794 lr 1.68e-04 wd 0.356 std 1.017 effrank 94.8 varratio 0.664
step 7000 loss 0.1928 lr 1.60e-04 wd 0.358 std 1.020 effrank 94.9 varratio 0.698
step 7050 loss 0.2110 lr 1.53e-04 wd 0.360 std 1.018 effrank 93.9 varratio 0.671
step 7100 loss 0.1954 lr 1.45e-04 wd 0.362 std 1.018 effrank 97.0 varratio 0.698
step 7150 loss 0.2455 lr 1.38e-04 wd 0.364 std 1.017 effrank 96.9 varratio 0.662
step 7200 loss 0.2067 lr 1.31e-04 wd 0.366 std 1.017 effrank 97.1 varratio 0.685
step 7250 loss 0.2978 lr 1.25e-04 wd 0.367 std 1.016 effrank 96.8 varratio 0.649
step 7300 loss 0.2095 lr 1.18e-04 wd 0.369 std 1.021 effrank 97.6 varratio 0.689
step 7350 loss 0.1891 lr 1.11e-04 wd 0.371 std 1.017 effrank 97.4 varratio 0.690
step 7400 loss 0.2178 lr 1.05e-04 wd 0.373 std 1.015 effrank 97.2 varratio 0.663
step 7450 loss 0.1842 lr 9.88e-05 wd 0.374 std 1.016 effrank 97.0 varratio 0.676
step 7500 loss 0.1808 lr 9.28e-05 wd 0.376 std 1.017 effrank 97.1 varratio 0.704
step 7550 loss 0.1940 lr 8.70e-05 wd 0.377 std 1.017 effrank 97.9 varratio 0.700
step 7600 loss 0.1692 lr 8.13e-05 wd 0.379 std 1.015 effrank 97.6 varratio 0.685
step 7650 loss 0.2005 lr 7.58e-05 wd 0.380 std 1.015 effrank 97.5 varratio 0.713
step 7700 loss 0.2319 lr 7.05e-05 wd 0.382 std 1.018 effrank 97.6 varratio 0.691
step 7750 loss 0.2064 lr 6.54e-05 wd 0.383 std 1.022 effrank 96.0 varratio 0.706
step 7800 loss 0.2287 lr 6.04e-05 wd 0.384 std 1.011 effrank 96.7 varratio 0.689
step 7850 loss 0.1982 lr 5.57e-05 wd 0.386 std 1.014 effrank 98.8 varratio 0.685
step 7900 loss 0.1683 lr 5.11e-05 wd 0.387 std 1.018 effrank 96.7 varratio 0.692
step 7950 loss 0.1825 lr 4.67e-05 wd 0.388 std 1.015 effrank 98.1 varratio 0.681
step 8000 loss 0.1955 lr 4.25e-05 wd 0.389 std 1.016 effrank 97.1 varratio 0.697
step 8050 loss 0.2202 lr 3.85e-05 wd 0.390 std 1.012 effrank 98.9 varratio 0.703
step 8100 loss 0.1991 lr 3.47e-05 wd 0.391 std 1.011 effrank 97.8 varratio 0.675
step 8150 loss 0.1905 lr 3.11e-05 wd 0.392 std 1.019 effrank 96.6 varratio 0.706
step 8200 loss 0.1897 lr 2.77e-05 wd 0.393 std 1.010 effrank 97.2 varratio 0.663
step 8250 loss 0.2127 lr 2.45e-05 wd 0.394 std 1.014 effrank 98.0 varratio 0.664
step 8300 loss 0.1957 lr 2.15e-05 wd 0.395 std 1.016 effrank 97.9 varratio 0.689
step 8350 loss 0.1706 lr 1.87e-05 wd 0.395 std 1.021 effrank 98.0 varratio 0.679
step 8400 loss 0.2173 lr 1.61e-05 wd 0.396 std 1.014 effrank 98.8 varratio 0.670
step 8450 loss 0.1582 lr 1.37e-05 wd 0.397 std 1.019 effrank 94.8 varratio 0.713
step 8500 loss 0.1909 lr 1.15e-05 wd 0.397 std 1.015 effrank 98.2 varratio 0.686
step 8550 loss 0.2418 lr 9.50e-06 wd 0.398 std 1.015 effrank 98.4 varratio 0.706
step 8600 loss 0.2057 lr 7.72e-06 wd 0.398 std 1.018 effrank 98.0 varratio 0.733
step 8650 loss 0.2079 lr 6.15e-06 wd 0.399 std 1.015 effrank 98.3 varratio 0.745
step 8700 loss 0.2401 lr 4.79e-06 wd 0.399 std 1.018 effrank 99.2 varratio 0.722
step 8750 loss 0.1851 lr 3.63e-06 wd 0.399 std 1.015 effrank 98.2 varratio 0.711
step 8800 loss 0.1675 lr 2.68e-06 wd 0.400 std 1.017 effrank 98.9 varratio 0.697
step 8850 loss 0.2608 lr 1.95e-06 wd 0.400 std 1.018 effrank 99.1 varratio 0.687
step 8900 loss 0.1879 lr 1.42e-06 wd 0.400 std 1.015 effrank 99.1 varratio 0.695
step 8950 loss 0.1727 lr 1.11e-06 wd 0.400 std 1.013 effrank 97.5 varratio 0.684
[run_matrix] tjepa_dim128: linear=11.81 conv=21.71 knn=0.6784 gpu_h=1.18
[build_model] predictor width clamped to 128 (heads 4) to stay narrower than encoder width 256.
step 0 loss 2.0180 lr 0.00e+00 wd 0.040 std 0.381 effrank 14.7 varratio 0.047
step 50 loss 1.7614 lr 3.70e-05 wd 0.040 std 0.433 effrank 13.8 varratio 0.046
step 100 loss 1.5716 lr 7.41e-05 wd 0.040 std 0.529 effrank 14.1 varratio 0.040
step 150 loss 1.3573 lr 1.11e-04 wd 0.040 std 0.637 effrank 15.4 varratio 0.038
step 200 loss 1.2690 lr 1.48e-04 wd 0.040 std 0.680 effrank 16.3 varratio 0.027
step 250 loss 1.1781 lr 1.85e-04 wd 0.041 std 0.679 effrank 16.9 varratio 0.018
step 300 loss 1.1006 lr 2.22e-04 wd 0.041 std 0.740 effrank 18.4 varratio 0.015
step 350 loss 1.0277 lr 2.59e-04 wd 0.041 std 0.722 effrank 18.7 varratio 0.010
step 400 loss 1.0130 lr 2.96e-04 wd 0.042 std 0.718 effrank 18.9 varratio 0.009
step 450 loss 0.8683 lr 3.33e-04 wd 0.042 std 0.742 effrank 20.4 varratio 0.011
step 500 loss 0.8709 lr 3.70e-04 wd 0.043 std 0.779 effrank 22.5 varratio 0.010
step 550 loss 0.8391 lr 4.07e-04 wd 0.043 std 0.801 effrank 23.7 varratio 0.015
step 600 loss 0.8088 lr 4.44e-04 wd 0.044 std 0.779 effrank 24.4 varratio 0.021
step 650 loss 0.7692 lr 4.81e-04 wd 0.045 std 0.816 effrank 27.4 varratio 0.035
step 700 loss 0.8847 lr 5.19e-04 wd 0.045 std 0.798 effrank 30.6 varratio 0.033
step 750 loss 0.8674 lr 5.56e-04 wd 0.046 std 0.689 effrank 30.3 varratio 0.057
step 800 loss 0.8634 lr 5.93e-04 wd 0.047 std 0.842 effrank 31.4 varratio 0.107
step 850 loss 0.7267 lr 6.30e-04 wd 0.048 std 0.882 effrank 33.3 varratio 0.166
step 900 loss 0.7876 lr 6.67e-04 wd 0.049 std 0.890 effrank 35.8 varratio 0.159
step 950 loss 0.8149 lr 7.04e-04 wd 0.050 std 0.889 effrank 38.6 varratio 0.167
step 1000 loss 0.7302 lr 7.41e-04 wd 0.051 std 0.917 effrank 40.7 varratio 0.188
step 1050 loss 0.8125 lr 7.78e-04 wd 0.052 std 0.924 effrank 45.1 varratio 0.205
step 1100 loss 0.6978 lr 8.15e-04 wd 0.053 std 0.930 effrank 48.4 varratio 0.189
step 1150 loss 0.7738 lr 8.52e-04 wd 0.054 std 0.943 effrank 52.0 varratio 0.225
step 1200 loss 0.6495 lr 8.89e-04 wd 0.056 std 0.958 effrank 56.2 varratio 0.264
step 1250 loss 0.5665 lr 9.26e-04 wd 0.057 std 0.963 effrank 59.8 varratio 0.291
step 1300 loss 0.6828 lr 9.63e-04 wd 0.058 std 0.963 effrank 64.3 varratio 0.283
step 1350 loss 0.6469 lr 1.00e-03 wd 0.060 std 0.960 effrank 67.2 varratio 0.319
step 1400 loss 0.4351 lr 1.00e-03 wd 0.061 std 0.975 effrank 72.2 varratio 0.345
step 1450 loss 0.6116 lr 1.00e-03 wd 0.063 std 0.984 effrank 73.1 varratio 0.324
step 1500 loss 0.5903 lr 9.99e-04 wd 0.064 std 0.988 effrank 78.2 varratio 0.338
step 1550 loss 0.4404 lr 9.98e-04 wd 0.066 std 0.989 effrank 81.7 varratio 0.394
step 1600 loss 0.6426 lr 9.97e-04 wd 0.067 std 0.995 effrank 83.9 varratio 0.341
step 1650 loss 0.3921 lr 9.96e-04 wd 0.069 std 0.998 effrank 86.2 varratio 0.409
step 1700 loss 0.4363 lr 9.95e-04 wd 0.071 std 1.001 effrank 91.2 varratio 0.388
step 1750 loss 0.3286 lr 9.93e-04 wd 0.073 std 1.007 effrank 95.5 varratio 0.450
step 1800 loss 0.4389 lr 9.91e-04 wd 0.074 std 1.009 effrank 97.8 varratio 0.420
step 1850 loss 0.4888 lr 9.90e-04 wd 0.076 std 0.989 effrank 96.5 varratio 0.322
step 1900 loss 0.4928 lr 9.87e-04 wd 0.078 std 0.986 effrank 102.0 varratio 0.413
step 1950 loss 0.4038 lr 9.85e-04 wd 0.080 std 1.004 effrank 104.3 varratio 0.400
step 2000 loss 0.3939 lr 9.82e-04 wd 0.082 std 1.011 effrank 106.5 varratio 0.429
step 2050 loss 0.4045 lr 9.80e-04 wd 0.084 std 1.016 effrank 110.3 varratio 0.425
step 2100 loss 0.3949 lr 9.76e-04 wd 0.086 std 1.013 effrank 114.9 varratio 0.405
step 2150 loss 0.4575 lr 9.73e-04 wd 0.088 std 1.013 effrank 116.4 varratio 0.387
step 2200 loss 0.3761 lr 9.70e-04 wd 0.091 std 1.007 effrank 121.6 varratio 0.424
step 2250 loss 0.4415 lr 9.66e-04 wd 0.093 std 1.012 effrank 122.4 varratio 0.390
step 2300 loss 0.3893 lr 9.62e-04 wd 0.095 std 1.011 effrank 126.7 varratio 0.434
step 2350 loss 0.3418 lr 9.58e-04 wd 0.097 std 1.009 effrank 130.3 varratio 0.432
step 2400 loss 0.3566 lr 9.54e-04 wd 0.100 std 1.012 effrank 134.9 varratio 0.434
step 2450 loss 0.3694 lr 9.50e-04 wd 0.102 std 1.012 effrank 137.2 varratio 0.394
step 2500 loss 0.2706 lr 9.45e-04 wd 0.104 std 1.010 effrank 137.0 varratio 0.508
step 2550 loss 0.3698 lr 9.41e-04 wd 0.107 std 1.012 effrank 141.1 varratio 0.433
step 2600 loss 0.2792 lr 9.36e-04 wd 0.109 std 1.015 effrank 145.6 varratio 0.483
step 2650 loss 0.3191 lr 9.30e-04 wd 0.112 std 1.015 effrank 147.0 varratio 0.458
step 2700 loss 0.4240 lr 9.25e-04 wd 0.114 std 1.008 effrank 150.3 varratio 0.436
step 2750 loss 0.3535 lr 9.20e-04 wd 0.117 std 1.014 effrank 150.9 varratio 0.447
step 2800 loss 0.2658 lr 9.14e-04 wd 0.119 std 1.024 effrank 150.7 varratio 0.476
step 2850 loss 0.4071 lr 9.08e-04 wd 0.122 std 1.013 effrank 157.2 varratio 0.397
step 2900 loss 0.3925 lr 9.02e-04 wd 0.125 std 1.019 effrank 158.3 varratio 0.416
step 2950 loss 0.2907 lr 8.96e-04 wd 0.127 std 1.019 effrank 160.9 varratio 0.451
step 3000 loss 0.3512 lr 8.90e-04 wd 0.130 std 1.018 effrank 163.2 varratio 0.439
step 3050 loss 0.3446 lr 8.83e-04 wd 0.133 std 1.017 effrank 166.9 varratio 0.412
step 3100 loss 0.2907 lr 8.76e-04 wd 0.135 std 1.017 effrank 167.2 varratio 0.453
step 3150 loss 0.4252 lr 8.70e-04 wd 0.138 std 1.019 effrank 169.3 varratio 0.414
step 3200 loss 0.2569 lr 8.63e-04 wd 0.141 std 1.017 effrank 172.3 varratio 0.486
step 3250 loss 0.3917 lr 8.56e-04 wd 0.144 std 1.019 effrank 172.3 varratio 0.424
step 3300 loss 0.3139 lr 8.48e-04 wd 0.147 std 1.018 effrank 175.5 varratio 0.452
step 3350 loss 0.2890 lr 8.41e-04 wd 0.150 std 1.016 effrank 175.9 varratio 0.472
step 3400 loss 0.2794 lr 8.33e-04 wd 0.153 std 1.015 effrank 177.5 varratio 0.464
step 3450 loss 0.3454 lr 8.25e-04 wd 0.155 std 1.016 effrank 180.6 varratio 0.438
step 3500 loss 0.3050 lr 8.18e-04 wd 0.158 std 1.015 effrank 182.2 varratio 0.434
step 3550 loss 0.3349 lr 8.10e-04 wd 0.161 std 1.020 effrank 179.6 varratio 0.397
step 3600 loss 0.2628 lr 8.02e-04 wd 0.164 std 1.029 effrank 182.0 varratio 0.478
step 3650 loss 0.3359 lr 7.93e-04 wd 0.167 std 1.024 effrank 186.5 varratio 0.432
step 3700 loss 0.2846 lr 7.85e-04 wd 0.170 std 1.022 effrank 188.6 varratio 0.470
step 3750 loss 0.2858 lr 7.76e-04 wd 0.173 std 1.017 effrank 190.2 varratio 0.452
step 3800 loss 0.3256 lr 7.68e-04 wd 0.176 std 1.017 effrank 190.7 varratio 0.441
step 3850 loss 0.3629 lr 7.59e-04 wd 0.180 std 1.022 effrank 192.1 varratio 0.424
step 3900 loss 0.2584 lr 7.50e-04 wd 0.183 std 1.025 effrank 191.5 varratio 0.471
step 3950 loss 0.3053 lr 7.41e-04 wd 0.186 std 1.022 effrank 195.1 varratio 0.457
step 4000 loss 0.3720 lr 7.32e-04 wd 0.189 std 1.021 effrank 196.7 varratio 0.410
step 4050 loss 0.4173 lr 7.23e-04 wd 0.192 std 1.021 effrank 197.8 varratio 0.381
step 4100 loss 0.2894 lr 7.14e-04 wd 0.195 std 1.018 effrank 197.0 varratio 0.447
step 4150 loss 0.2377 lr 7.05e-04 wd 0.198 std 1.018 effrank 199.0 varratio 0.467
step 4200 loss 0.2710 lr 6.95e-04 wd 0.201 std 1.020 effrank 200.8 varratio 0.439
step 4250 loss 0.2655 lr 6.86e-04 wd 0.204 std 1.028 effrank 199.0 varratio 0.460
step 4300 loss 0.2439 lr 6.76e-04 wd 0.207 std 1.019 effrank 201.2 varratio 0.490
step 4350 loss 0.3212 lr 6.67e-04 wd 0.211 std 1.024 effrank 203.6 varratio 0.437
step 4400 loss 0.4137 lr 6.57e-04 wd 0.214 std 1.027 effrank 203.1 varratio 0.379
step 4450 loss 0.3195 lr 6.47e-04 wd 0.217 std 1.016 effrank 202.0 varratio 0.429
step 4500 loss 0.2965 lr 6.37e-04 wd 0.220 std 1.022 effrank 206.1 varratio 0.443
step 4550 loss 0.2477 lr 6.27e-04 wd 0.223 std 1.023 effrank 202.2 varratio 0.494
step 4600 loss 0.2935 lr 6.17e-04 wd 0.226 std 1.019 effrank 204.6 varratio 0.439
step 4650 loss 0.3519 lr 6.07e-04 wd 0.229 std 1.021 effrank 206.2 varratio 0.380
step 4700 loss 0.3655 lr 5.97e-04 wd 0.233 std 1.024 effrank 206.7 varratio 0.420
step 4750 loss 0.2992 lr 5.87e-04 wd 0.236 std 1.022 effrank 207.8 varratio 0.439
step 4800 loss 0.2653 lr 5.77e-04 wd 0.239 std 1.032 effrank 201.8 varratio 0.447
step 4850 loss 0.3022 lr 5.67e-04 wd 0.242 std 1.014 effrank 207.3 varratio 0.431
step 4900 loss 0.2856 lr 5.57e-04 wd 0.245 std 1.023 effrank 210.9 varratio 0.472
step 4950 loss 0.2531 lr 5.47e-04 wd 0.248 std 1.020 effrank 212.2 varratio 0.478
step 5000 loss 0.2874 lr 5.36e-04 wd 0.251 std 1.023 effrank 211.8 varratio 0.444
step 5050 loss 0.3752 lr 5.26e-04 wd 0.254 std 1.027 effrank 208.2 varratio 0.396
step 5100 loss 0.2225 lr 5.16e-04 wd 0.257 std 1.026 effrank 209.7 varratio 0.500
step 5150 loss 0.1943 lr 5.06e-04 wd 0.260 std 1.024 effrank 214.4 varratio 0.486
step 5200 loss 0.2341 lr 4.95e-04 wd 0.264 std 1.020 effrank 216.3 varratio 0.490
step 5250 loss 0.2814 lr 4.85e-04 wd 0.267 std 1.027 effrank 215.2 varratio 0.434
step 5300 loss 0.2255 lr 4.75e-04 wd 0.270 std 1.020 effrank 216.4 varratio 0.456
step 5350 loss 0.2685 lr 4.65e-04 wd 0.273 std 1.020 effrank 216.8 varratio 0.440
step 5400 loss 0.2993 lr 4.54e-04 wd 0.276 std 1.020 effrank 218.5 varratio 0.422
step 5450 loss 0.2378 lr 4.44e-04 wd 0.279 std 1.027 effrank 216.6 varratio 0.491
step 5500 loss 0.3332 lr 4.34e-04 wd 0.282 std 1.024 effrank 218.5 varratio 0.404
step 5550 loss 0.2251 lr 4.24e-04 wd 0.285 std 1.030 effrank 216.6 varratio 0.498
step 5600 loss 0.2693 lr 4.14e-04 wd 0.287 std 1.019 effrank 218.0 varratio 0.451
step 5650 loss 0.3193 lr 4.04e-04 wd 0.290 std 1.024 effrank 220.3 varratio 0.412
step 5700 loss 0.2580 lr 3.94e-04 wd 0.293 std 1.025 effrank 220.2 varratio 0.484
step 5750 loss 0.2318 lr 3.84e-04 wd 0.296 std 1.020 effrank 222.1 varratio 0.481
step 5800 loss 0.3179 lr 3.74e-04 wd 0.299 std 1.024 effrank 221.8 varratio 0.402
step 5850 loss 0.2914 lr 3.64e-04 wd 0.302 std 1.024 effrank 221.4 varratio 0.444
step 5900 loss 0.3287 lr 3.54e-04 wd 0.305 std 1.022 effrank 223.4 varratio 0.441
step 5950 loss 0.3157 lr 3.44e-04 wd 0.307 std 1.020 effrank 221.7 varratio 0.384
step 6000 loss 0.2266 lr 3.34e-04 wd 0.310 std 1.022 effrank 223.5 varratio 0.507
step 6050 loss 0.2348 lr 3.25e-04 wd 0.313 std 1.021 effrank 223.3 varratio 0.479
step 6100 loss 0.2685 lr 3.15e-04 wd 0.315 std 1.021 effrank 222.2 varratio 0.451
step 6150 loss 0.3318 lr 3.06e-04 wd 0.318 std 1.023 effrank 223.6 varratio 0.403
step 6200 loss 0.3703 lr 2.96e-04 wd 0.321 std 1.020 effrank 223.2 varratio 0.422
step 6250 loss 0.2130 lr 2.87e-04 wd 0.323 std 1.021 effrank 224.1 varratio 0.477
step 6300 loss 0.2711 lr 2.78e-04 wd 0.326 std 1.023 effrank 225.0 varratio 0.466
step 6350 loss 0.2087 lr 2.69e-04 wd 0.328 std 1.020 effrank 223.1 varratio 0.543
step 6400 loss 0.2915 lr 2.60e-04 wd 0.331 std 1.026 effrank 224.8 varratio 0.421
step 6450 loss 0.2693 lr 2.51e-04 wd 0.333 std 1.025 effrank 225.3 varratio 0.469
step 6500 loss 0.2768 lr 2.42e-04 wd 0.336 std 1.025 effrank 226.1 varratio 0.439
step 6550 loss 0.3257 lr 2.33e-04 wd 0.338 std 1.021 effrank 226.6 varratio 0.412
step 6600 loss 0.2882 lr 2.25e-04 wd 0.340 std 1.028 effrank 223.6 varratio 0.436
step 6650 loss 0.1892 lr 2.16e-04 wd 0.343 std 1.023 effrank 225.7 varratio 0.487
step 6700 loss 0.2299 lr 2.08e-04 wd 0.345 std 1.019 effrank 227.3 varratio 0.476
step 6750 loss 0.3024 lr 1.99e-04 wd 0.347 std 1.026 effrank 223.7 varratio 0.444
step 6800 loss 0.2344 lr 1.91e-04 wd 0.349 std 1.021 effrank 227.6 varratio 0.498
step 6850 loss 0.2111 lr 1.83e-04 wd 0.352 std 1.022 effrank 228.0 varratio 0.482
step 6900 loss 0.2879 lr 1.76e-04 wd 0.354 std 1.018 effrank 223.6 varratio 0.452
step 6950 loss 0.3002 lr 1.68e-04 wd 0.356 std 1.021 effrank 225.8 varratio 0.436
step 7000 loss 0.1880 lr 1.60e-04 wd 0.358 std 1.024 effrank 221.5 varratio 0.507
step 7050 loss 0.2315 lr 1.53e-04 wd 0.360 std 1.020 effrank 226.8 varratio 0.477
step 7100 loss 0.3009 lr 1.45e-04 wd 0.362 std 1.023 effrank 227.0 varratio 0.459
step 7150 loss 0.2638 lr 1.38e-04 wd 0.364 std 1.022 effrank 228.0 varratio 0.427
step 7200 loss 0.2179 lr 1.31e-04 wd 0.366 std 1.019 effrank 228.8 varratio 0.487
step 7250 loss 0.2066 lr 1.25e-04 wd 0.367 std 1.023 effrank 228.5 varratio 0.511
step 7300 loss 0.1784 lr 1.18e-04 wd 0.369 std 1.019 effrank 229.3 varratio 0.495
step 7350 loss 0.3147 lr 1.11e-04 wd 0.371 std 1.019 effrank 227.3 varratio 0.399
step 7400 loss 0.3003 lr 1.05e-04 wd 0.373 std 1.026 effrank 228.9 varratio 0.420
step 7450 loss 0.2724 lr 9.88e-05 wd 0.374 std 1.026 effrank 229.4 varratio 0.441
step 7500 loss 0.2915 lr 9.28e-05 wd 0.376 std 1.021 effrank 229.8 varratio 0.425
step 7550 loss 0.2575 lr 8.70e-05 wd 0.377 std 1.020 effrank 228.7 varratio 0.436
step 7600 loss 0.3406 lr 8.13e-05 wd 0.379 std 1.023 effrank 229.3 varratio 0.427
step 7650 loss 0.2656 lr 7.58e-05 wd 0.380 std 1.019 effrank 228.5 varratio 0.469
step 7700 loss 0.2505 lr 7.05e-05 wd 0.382 std 1.019 effrank 229.9 varratio 0.444
step 7750 loss 0.3298 lr 6.54e-05 wd 0.383 std 1.025 effrank 225.3 varratio 0.393
step 7800 loss 0.2473 lr 6.04e-05 wd 0.384 std 1.017 effrank 229.1 varratio 0.456
step 7850 loss 0.2707 lr 5.57e-05 wd 0.386 std 1.022 effrank 230.2 varratio 0.467
step 7900 loss 0.2523 lr 5.11e-05 wd 0.387 std 1.021 effrank 230.5 varratio 0.461
step 7950 loss 0.2193 lr 4.67e-05 wd 0.388 std 1.025 effrank 229.2 varratio 0.448
step 8000 loss 0.2027 lr 4.25e-05 wd 0.389 std 1.018 effrank 229.8 varratio 0.515
step 8050 loss 0.2244 lr 3.85e-05 wd 0.390 std 1.023 effrank 228.0 varratio 0.486
step 8100 loss 0.2441 lr 3.47e-05 wd 0.391 std 1.021 effrank 231.0 varratio 0.466
step 8150 loss 0.2620 lr 3.11e-05 wd 0.392 std 1.028 effrank 226.1 varratio 0.468
step 8200 loss 0.2686 lr 2.77e-05 wd 0.393 std 1.021 effrank 230.8 varratio 0.447
step 8250 loss 0.1975 lr 2.45e-05 wd 0.394 std 1.024 effrank 228.9 varratio 0.502
step 8300 loss 0.2133 lr 2.15e-05 wd 0.395 std 1.023 effrank 231.2 varratio 0.475
step 8350 loss 0.2868 lr 1.87e-05 wd 0.395 std 1.021 effrank 229.7 varratio 0.415
step 8400 loss 0.2794 lr 1.61e-05 wd 0.396 std 1.026 effrank 227.4 varratio 0.452
step 8450 loss 0.2495 lr 1.37e-05 wd 0.397 std 1.025 effrank 223.4 varratio 0.481
step 8500 loss 0.2619 lr 1.15e-05 wd 0.397 std 1.020 effrank 229.5 varratio 0.464
step 8550 loss 0.2162 lr 9.50e-06 wd 0.398 std 1.018 effrank 230.3 varratio 0.487
step 8600 loss 0.2545 lr 7.72e-06 wd 0.398 std 1.023 effrank 230.0 varratio 0.451
step 8650 loss 0.3007 lr 6.15e-06 wd 0.399 std 1.017 effrank 229.4 varratio 0.440
step 8700 loss 0.3026 lr 4.79e-06 wd 0.399 std 1.018 effrank 229.8 varratio 0.392
step 8750 loss 0.2618 lr 3.63e-06 wd 0.399 std 1.018 effrank 230.0 varratio 0.429
step 8800 loss 0.2292 lr 2.68e-06 wd 0.400 std 1.021 effrank 230.9 varratio 0.476
step 8850 loss 0.1809 lr 1.95e-06 wd 0.400 std 1.021 effrank 230.8 varratio 0.507
step 8900 loss 0.2447 lr 1.42e-06 wd 0.400 std 1.023 effrank 231.1 varratio 0.472
step 8950 loss 0.2705 lr 1.11e-06 wd 0.400 std 1.020 effrank 231.2 varratio 0.437
[run_matrix] tjepa_dim256: linear=16.87 conv=24.01 knn=0.6867 gpu_h=1.22
step 0 loss 1.9960 lr 0.00e+00 wd 0.040 std 0.349 effrank 13.7 varratio 0.046
step 50 loss 1.5531 lr 3.70e-05 wd 0.040 std 0.434 effrank 15.3 varratio 0.052
step 100 loss 1.3824 lr 7.41e-05 wd 0.040 std 0.484 effrank 15.7 varratio 0.029
step 150 loss 1.1603 lr 1.11e-04 wd 0.040 std 0.563 effrank 17.8 varratio 0.021
step 200 loss 1.0666 lr 1.48e-04 wd 0.040 std 0.569 effrank 18.8 varratio 0.014
step 250 loss 1.1146 lr 1.85e-04 wd 0.041 std 0.582 effrank 19.3 varratio 0.006
step 300 loss 1.0248 lr 2.22e-04 wd 0.041 std 0.581 effrank 20.5 varratio 0.006
step 350 loss 1.0579 lr 2.59e-04 wd 0.041 std 0.607 effrank 23.7 varratio 0.007
step 400 loss 0.9608 lr 2.96e-04 wd 0.042 std 0.539 effrank 26.3 varratio 0.016
step 450 loss 0.9489 lr 3.33e-04 wd 0.042 std 0.693 effrank 27.4 varratio 0.023
step 500 loss 1.0159 lr 3.70e-04 wd 0.043 std 0.662 effrank 27.9 varratio 0.050
step 550 loss 0.9572 lr 4.07e-04 wd 0.043 std 0.624 effrank 29.8 varratio 0.086
step 600 loss 0.9971 lr 4.44e-04 wd 0.044 std 0.687 effrank 35.8 varratio 0.075
step 650 loss 1.0284 lr 4.81e-04 wd 0.045 std 0.727 effrank 39.5 varratio 0.119
step 700 loss 0.9331 lr 5.19e-04 wd 0.045 std 0.746 effrank 47.1 varratio 0.167
step 750 loss 0.9097 lr 5.56e-04 wd 0.046 std 0.759 effrank 57.1 varratio 0.210
step 800 loss 0.8884 lr 5.93e-04 wd 0.047 std 0.756 effrank 65.1 varratio 0.181
step 850 loss 0.8402 lr 6.30e-04 wd 0.048 std 0.826 effrank 76.1 varratio 0.275
step 900 loss 0.6349 lr 6.67e-04 wd 0.049 std 0.873 effrank 87.8 varratio 0.365
step 950 loss 0.7833 lr 7.04e-04 wd 0.050 std 0.891 effrank 104.3 varratio 0.238
step 1000 loss 0.5534 lr 7.41e-04 wd 0.051 std 0.907 effrank 114.9 varratio 0.317
step 1050 loss 0.6620 lr 7.78e-04 wd 0.052 std 0.895 effrank 129.3 varratio 0.282
step 1100 loss 0.5934 lr 8.15e-04 wd 0.053 std 0.922 effrank 139.5 varratio 0.323
step 1150 loss 0.7063 lr 8.52e-04 wd 0.054 std 0.948 effrank 146.0 varratio 0.283
step 1200 loss 0.4792 lr 8.89e-04 wd 0.056 std 0.953 effrank 156.2 varratio 0.333
step 1250 loss 0.5812 lr 9.26e-04 wd 0.057 std 0.978 effrank 163.2 varratio 0.300
step 1300 loss 0.4761 lr 9.63e-04 wd 0.058 std 0.988 effrank 174.3 varratio 0.337
step 1350 loss 0.6129 lr 1.00e-03 wd 0.060 std 0.926 effrank 176.6 varratio 0.180
step 1400 loss 0.3973 lr 1.00e-03 wd 0.061 std 0.978 effrank 180.1 varratio 0.379
step 1450 loss 0.6114 lr 1.00e-03 wd 0.063 std 0.990 effrank 187.4 varratio 0.319
step 1500 loss 0.5609 lr 9.99e-04 wd 0.064 std 0.997 effrank 200.4 varratio 0.279
step 1550 loss 0.4902 lr 9.98e-04 wd 0.066 std 0.996 effrank 205.8 varratio 0.244
step 1600 loss 0.3211 lr 9.97e-04 wd 0.067 std 1.001 effrank 215.1 varratio 0.383
step 1650 loss 0.4149 lr 9.96e-04 wd 0.069 std 1.001 effrank 225.4 varratio 0.317
step 1700 loss 0.4215 lr 9.95e-04 wd 0.071 std 1.006 effrank 234.4 varratio 0.310
step 1750 loss 0.4035 lr 9.93e-04 wd 0.073 std 1.014 effrank 239.3 varratio 0.331
step 1800 loss 0.6041 lr 9.91e-04 wd 0.074 std 1.011 effrank 245.4 varratio 0.267
step 1850 loss 0.5075 lr 9.90e-04 wd 0.076 std 0.989 effrank 239.7 varratio 0.238
step 1900 loss 0.4122 lr 9.87e-04 wd 0.078 std 1.003 effrank 250.5 varratio 0.293
step 1950 loss 0.5524 lr 9.85e-04 wd 0.080 std 1.014 effrank 258.0 varratio 0.248
step 2000 loss 0.3585 lr 9.82e-04 wd 0.082 std 1.017 effrank 263.4 varratio 0.321
step 2050 loss 0.4566 lr 9.80e-04 wd 0.084 std 1.014 effrank 272.9 varratio 0.266
step 2100 loss 0.4476 lr 9.76e-04 wd 0.086 std 1.009 effrank 280.7 varratio 0.272
step 2150 loss 0.4845 lr 9.73e-04 wd 0.088 std 1.011 effrank 287.5 varratio 0.245
step 2200 loss 0.3509 lr 9.70e-04 wd 0.091 std 1.007 effrank 292.5 varratio 0.291
step 2250 loss 0.3424 lr 9.66e-04 wd 0.093 std 1.013 effrank 295.4 varratio 0.330
step 2300 loss 0.3836 lr 9.62e-04 wd 0.095 std 1.014 effrank 299.1 varratio 0.265
step 2350 loss 0.4056 lr 9.58e-04 wd 0.097 std 1.011 effrank 303.7 varratio 0.257
step 2400 loss 0.3505 lr 9.54e-04 wd 0.100 std 1.018 effrank 306.4 varratio 0.312
step 2450 loss 0.3973 lr 9.50e-04 wd 0.102 std 1.013 effrank 313.0 varratio 0.252
step 2500 loss 0.3236 lr 9.45e-04 wd 0.104 std 1.015 effrank 317.4 varratio 0.293
step 2550 loss 0.3189 lr 9.41e-04 wd 0.107 std 1.012 effrank 320.0 varratio 0.318
step 2600 loss 0.3778 lr 9.36e-04 wd 0.109 std 1.013 effrank 326.2 varratio 0.317
step 2650 loss 0.3252 lr 9.30e-04 wd 0.112 std 1.017 effrank 329.4 varratio 0.332
step 2700 loss 0.4650 lr 9.25e-04 wd 0.114 std 1.013 effrank 333.2 varratio 0.220
step 2750 loss 0.4153 lr 9.20e-04 wd 0.117 std 1.018 effrank 335.6 varratio 0.312
step 2800 loss 0.3473 lr 9.14e-04 wd 0.119 std 1.012 effrank 342.1 varratio 0.323
step 2850 loss 0.3447 lr 9.08e-04 wd 0.122 std 1.016 effrank 344.7 varratio 0.330
step 2900 loss 0.3426 lr 9.02e-04 wd 0.125 std 1.006 effrank 346.4 varratio 0.276
step 2950 loss 0.3302 lr 8.96e-04 wd 0.127 std 1.021 effrank 348.0 varratio 0.308
step 3000 loss 0.3215 lr 8.90e-04 wd 0.130 std 1.021 effrank 346.7 varratio 0.333
step 3050 loss 0.3991 lr 8.83e-04 wd 0.133 std 1.018 effrank 353.0 varratio 0.270
step 3100 loss 0.4171 lr 8.76e-04 wd 0.135 std 1.016 effrank 350.7 varratio 0.290
step 3150 loss 0.3664 lr 8.70e-04 wd 0.138 std 1.022 effrank 354.6 varratio 0.325
step 3200 loss 0.3745 lr 8.63e-04 wd 0.141 std 1.014 effrank 361.0 varratio 0.278
step 3250 loss 0.3918 lr 8.56e-04 wd 0.144 std 1.019 effrank 361.6 varratio 0.270
step 3300 loss 0.4489 lr 8.48e-04 wd 0.147 std 1.017 effrank 366.3 varratio 0.261
step 3350 loss 0.2646 lr 8.41e-04 wd 0.150 std 1.018 effrank 363.4 varratio 0.375
step 3400 loss 0.4132 lr 8.33e-04 wd 0.153 std 1.010 effrank 368.8 varratio 0.227
step 3450 loss 0.4479 lr 8.25e-04 wd 0.155 std 1.021 effrank 367.8 varratio 0.246
step 3500 loss 0.3022 lr 8.18e-04 wd 0.158 std 1.023 effrank 372.7 varratio 0.324
step 3550 loss 0.3655 lr 8.10e-04 wd 0.161 std 1.022 effrank 377.6 varratio 0.289
step 3600 loss 0.3141 lr 8.02e-04 wd 0.164 std 1.020 effrank 375.0 varratio 0.330
step 3650 loss 0.3391 lr 7.93e-04 wd 0.167 std 1.017 effrank 375.9 varratio 0.331
step 3700 loss 0.3453 lr 7.85e-04 wd 0.170 std 1.017 effrank 382.8 varratio 0.325
step 3750 loss 0.3475 lr 7.76e-04 wd 0.173 std 1.013 effrank 384.6 varratio 0.290
step 3800 loss 0.4034 lr 7.68e-04 wd 0.176 std 1.019 effrank 385.3 varratio 0.307
step 3850 loss 0.3867 lr 7.59e-04 wd 0.180 std 1.021 effrank 385.5 varratio 0.271
step 3900 loss 0.3260 lr 7.50e-04 wd 0.183 std 1.015 effrank 391.5 varratio 0.318
step 3950 loss 0.4026 lr 7.41e-04 wd 0.186 std 1.015 effrank 389.9 varratio 0.307
step 4000 loss 0.3014 lr 7.32e-04 wd 0.189 std 1.023 effrank 392.9 varratio 0.353
step 4050 loss 0.3231 lr 7.23e-04 wd 0.192 std 1.017 effrank 394.2 varratio 0.281
step 4100 loss 0.3773 lr 7.14e-04 wd 0.195 std 1.021 effrank 393.1 varratio 0.305
step 4150 loss 0.4528 lr 7.05e-04 wd 0.198 std 1.018 effrank 396.0 varratio 0.271
step 4200 loss 0.3404 lr 6.95e-04 wd 0.201 std 1.015 effrank 398.0 varratio 0.319
step 4250 loss 0.3775 lr 6.86e-04 wd 0.204 std 1.011 effrank 398.2 varratio 0.271
step 4300 loss 0.3980 lr 6.76e-04 wd 0.207 std 1.020 effrank 392.2 varratio 0.320
step 4350 loss 0.4149 lr 6.67e-04 wd 0.211 std 1.025 effrank 399.0 varratio 0.275
step 4400 loss 0.3009 lr 6.57e-04 wd 0.214 std 1.023 effrank 400.0 varratio 0.335
step 4450 loss 0.3936 lr 6.47e-04 wd 0.217 std 1.014 effrank 400.2 varratio 0.285
step 4500 loss 0.4529 lr 6.37e-04 wd 0.220 std 1.015 effrank 402.6 varratio 0.281
step 4550 loss 0.3457 lr 6.27e-04 wd 0.223 std 1.018 effrank 401.7 varratio 0.304
step 4600 loss 0.3291 lr 6.17e-04 wd 0.226 std 1.023 effrank 402.3 varratio 0.285
step 4650 loss 0.3495 lr 6.07e-04 wd 0.229 std 1.022 effrank 400.6 varratio 0.325
step 4700 loss 0.3621 lr 5.97e-04 wd 0.233 std 1.015 effrank 398.2 varratio 0.301
step 4750 loss 0.3151 lr 5.87e-04 wd 0.236 std 1.022 effrank 399.9 varratio 0.302
step 4800 loss 0.3659 lr 5.77e-04 wd 0.239 std 1.022 effrank 396.7 varratio 0.337
step 4850 loss 0.3622 lr 5.67e-04 wd 0.242 std 1.018 effrank 406.6 varratio 0.343
step 4900 loss 0.2963 lr 5.57e-04 wd 0.245 std 1.020 effrank 407.0 varratio 0.330
step 4950 loss 0.3678 lr 5.47e-04 wd 0.248 std 1.025 effrank 409.7 varratio 0.296
step 5000 loss 0.4538 lr 5.36e-04 wd 0.251 std 1.019 effrank 411.3 varratio 0.235
step 5050 loss 0.4171 lr 5.26e-04 wd 0.254 std 1.024 effrank 407.1 varratio 0.288
step 5100 loss 0.3179 lr 5.16e-04 wd 0.257 std 1.018 effrank 410.1 varratio 0.337
step 5150 loss 0.3966 lr 5.06e-04 wd 0.260 std 1.020 effrank 413.3 varratio 0.330
step 5200 loss 0.3579 lr 4.95e-04 wd 0.264 std 1.018 effrank 412.3 varratio 0.312
step 5250 loss 0.4119 lr 4.85e-04 wd 0.267 std 1.020 effrank 418.9 varratio 0.293
step 5300 loss 0.4361 lr 4.75e-04 wd 0.270 std 1.018 effrank 418.2 varratio 0.274
step 5350 loss 0.4128 lr 4.65e-04 wd 0.273 std 1.014 effrank 414.0 varratio 0.241
step 5400 loss 0.3771 lr 4.54e-04 wd 0.276 std 1.019 effrank 418.1 varratio 0.342
step 5450 loss 0.4251 lr 4.44e-04 wd 0.279 std 1.021 effrank 414.3 varratio 0.317
step 5500 loss 0.3535 lr 4.34e-04 wd 0.282 std 1.019 effrank 415.7 varratio 0.320
step 5550 loss 0.3596 lr 4.24e-04 wd 0.285 std 1.019 effrank 415.5 varratio 0.338
step 5600 loss 0.3880 lr 4.14e-04 wd 0.287 std 1.016 effrank 420.7 varratio 0.268
step 5650 loss 0.4440 lr 4.04e-04 wd 0.290 std 1.018 effrank 418.8 varratio 0.288
step 5700 loss 0.3893 lr 3.94e-04 wd 0.293 std 1.018 effrank 421.4 varratio 0.309
step 5750 loss 0.3366 lr 3.84e-04 wd 0.296 std 1.020 effrank 422.9 varratio 0.320
step 5800 loss 0.3621 lr 3.74e-04 wd 0.299 std 1.015 effrank 423.4 varratio 0.309
step 5850 loss 0.3800 lr 3.64e-04 wd 0.302 std 1.022 effrank 423.9 varratio 0.308
step 5900 loss 0.3587 lr 3.54e-04 wd 0.305 std 1.019 effrank 422.4 varratio 0.279
step 5950 loss 0.3018 lr 3.44e-04 wd 0.307 std 1.020 effrank 424.4 varratio 0.316
step 6000 loss 0.3435 lr 3.34e-04 wd 0.310 std 1.024 effrank 421.2 varratio 0.335
step 6050 loss 0.3478 lr 3.25e-04 wd 0.313 std 1.017 effrank 426.0 varratio 0.258
step 6100 loss 0.3906 lr 3.15e-04 wd 0.315 std 1.022 effrank 427.8 varratio 0.351
step 6150 loss 0.3603 lr 3.06e-04 wd 0.318 std 1.020 effrank 428.8 varratio 0.310
step 6200 loss 0.3863 lr 2.96e-04 wd 0.321 std 1.019 effrank 424.5 varratio 0.329
step 6250 loss 0.3229 lr 2.87e-04 wd 0.323 std 1.014 effrank 424.1 varratio 0.297
step 6300 loss 0.3938 lr 2.78e-04 wd 0.326 std 1.020 effrank 425.7 varratio 0.299
step 6350 loss 0.3155 lr 2.69e-04 wd 0.328 std 1.012 effrank 430.2 varratio 0.335
step 6400 loss 0.4148 lr 2.60e-04 wd 0.331 std 1.024 effrank 423.7 varratio 0.279
step 6450 loss 0.4308 lr 2.51e-04 wd 0.333 std 1.021 effrank 430.7 varratio 0.282
step 6500 loss 0.3203 lr 2.42e-04 wd 0.336 std 1.020 effrank 431.7 varratio 0.322
step 6550 loss 0.3555 lr 2.33e-04 wd 0.338 std 1.020 effrank 433.5 varratio 0.353
step 6600 loss 0.4164 lr 2.25e-04 wd 0.340 std 1.016 effrank 434.9 varratio 0.289
step 6650 loss 0.3240 lr 2.16e-04 wd 0.343 std 1.019 effrank 434.8 varratio 0.321
step 6700 loss 0.4330 lr 2.08e-04 wd 0.345 std 1.024 effrank 434.8 varratio 0.297
step 6750 loss 0.4554 lr 1.99e-04 wd 0.347 std 1.021 effrank 431.9 varratio 0.256
step 6800 loss 0.3330 lr 1.91e-04 wd 0.349 std 1.021 effrank 435.1 varratio 0.348
step 6850 loss 0.3260 lr 1.83e-04 wd 0.352 std 1.025 effrank 427.4 varratio 0.339
step 6900 loss 0.3562 lr 1.76e-04 wd 0.354 std 1.016 effrank 435.4 varratio 0.355
step 6950 loss 0.3850 lr 1.68e-04 wd 0.356 std 1.020 effrank 435.7 varratio 0.282
step 7000 loss 0.3687 lr 1.60e-04 wd 0.358 std 1.017 effrank 427.0 varratio 0.300
step 7050 loss 0.3318 lr 1.53e-04 wd 0.360 std 1.022 effrank 428.4 varratio 0.310
step 7100 loss 0.3649 lr 1.45e-04 wd 0.362 std 1.022 effrank 432.2 varratio 0.328
step 7150 loss 0.3351 lr 1.38e-04 wd 0.364 std 1.018 effrank 435.7 varratio 0.295
step 7200 loss 0.3429 lr 1.31e-04 wd 0.366 std 1.018 effrank 438.1 varratio 0.310
step 7250 loss 0.3132 lr 1.25e-04 wd 0.367 std 1.017 effrank 440.1 varratio 0.381
step 7300 loss 0.3115 lr 1.18e-04 wd 0.369 std 1.022 effrank 436.4 varratio 0.366
step 7350 loss 0.3150 lr 1.11e-04 wd 0.371 std 1.018 effrank 441.3 varratio 0.345
step 7400 loss 0.4008 lr 1.05e-04 wd 0.373 std 1.021 effrank 439.5 varratio 0.280
step 7450 loss 0.4488 lr 9.88e-05 wd 0.374 std 1.021 effrank 440.0 varratio 0.275
step 7500 loss 0.4670 lr 9.28e-05 wd 0.376 std 1.018 effrank 438.8 varratio 0.296
step 7550 loss 0.3526 lr 8.70e-05 wd 0.377 std 1.020 effrank 439.9 varratio 0.284
step 7600 loss 0.4194 lr 8.13e-05 wd 0.379 std 1.019 effrank 441.5 varratio 0.301
step 7650 loss 0.4119 lr 7.58e-05 wd 0.380 std 1.017 effrank 440.0 varratio 0.325
step 7700 loss 0.3974 lr 7.05e-05 wd 0.382 std 1.021 effrank 439.0 varratio 0.296
step 7750 loss 0.3664 lr 6.54e-05 wd 0.383 std 1.017 effrank 439.7 varratio 0.316
step 7800 loss 0.4347 lr 6.04e-05 wd 0.384 std 1.020 effrank 442.0 varratio 0.295
step 7850 loss 0.4489 lr 5.57e-05 wd 0.386 std 1.021 effrank 441.4 varratio 0.320
step 7900 loss 0.4163 lr 5.11e-05 wd 0.387 std 1.016 effrank 444.1 varratio 0.301
step 7950 loss 0.4385 lr 4.67e-05 wd 0.388 std 1.019 effrank 442.4 varratio 0.260
step 8000 loss 0.3535 lr 4.25e-05 wd 0.389 std 1.021 effrank 443.6 varratio 0.322
step 8050 loss 0.3978 lr 3.85e-05 wd 0.390 std 1.019 effrank 442.7 varratio 0.333
step 8100 loss 0.4049 lr 3.47e-05 wd 0.391 std 1.021 effrank 443.7 varratio 0.293
step 8150 loss 0.3664 lr 3.11e-05 wd 0.392 std 1.022 effrank 441.3 varratio 0.311
step 8200 loss 0.3570 lr 2.77e-05 wd 0.393 std 1.021 effrank 443.2 varratio 0.346
step 8250 loss 0.3273 lr 2.45e-05 wd 0.394 std 1.021 effrank 444.8 varratio 0.320
step 8300 loss 0.3055 lr 2.15e-05 wd 0.395 std 1.019 effrank 444.9 varratio 0.339
step 8350 loss 0.3866 lr 1.87e-05 wd 0.395 std 1.019 effrank 442.6 varratio 0.356
step 8400 loss 0.3448 lr 1.61e-05 wd 0.396 std 1.020 effrank 441.6 varratio 0.331
step 8450 loss 0.3703 lr 1.37e-05 wd 0.397 std 1.023 effrank 434.2 varratio 0.345
step 8500 loss 0.4024 lr 1.15e-05 wd 0.397 std 1.018 effrank 445.0 varratio 0.286
step 8550 loss 0.3643 lr 9.50e-06 wd 0.398 std 1.019 effrank 444.4 varratio 0.339
step 8600 loss 0.3562 lr 7.72e-06 wd 0.398 std 1.019 effrank 444.4 varratio 0.305
step 8650 loss 0.3571 lr 6.15e-06 wd 0.399 std 1.015 effrank 443.7 varratio 0.351
step 8700 loss 0.3672 lr 4.79e-06 wd 0.399 std 1.019 effrank 445.1 varratio 0.294
step 8750 loss 0.3252 lr 3.63e-06 wd 0.399 std 1.016 effrank 443.1 varratio 0.331
step 8800 loss 0.3639 lr 2.68e-06 wd 0.400 std 1.020 effrank 446.0 varratio 0.306
step 8850 loss 0.4211 lr 1.95e-06 wd 0.400 std 1.020 effrank 439.9 varratio 0.313
step 8900 loss 0.4037 lr 1.42e-06 wd 0.400 std 1.017 effrank 445.1 varratio 0.329
step 8950 loss 0.3889 lr 1.11e-06 wd 0.400 std 1.018 effrank 444.2 varratio 0.300
[run_matrix] tjepa_dim512: linear=17.09 conv=21.20 knn=0.6805 gpu_h=2.15
[run_matrix] tjepa_dim768: embed>=768 -> batch 8, accum 24 (memory safety)
step 0 loss 2.0880 lr 0.00e+00 wd 0.040 std 0.341 effrank 14.6 varratio 0.047
step 50 loss 1.8562 lr 1.84e-05 wd 0.040 std 0.378 effrank 14.9 varratio 0.040
step 100 loss 1.6771 lr 3.68e-05 wd 0.040 std 0.347 effrank 15.1 varratio 0.024
step 150 loss 1.5680 lr 5.52e-05 wd 0.040 std 0.428 effrank 14.9 varratio 0.029
step 200 loss 1.4402 lr 7.37e-05 wd 0.040 std 0.481 effrank 14.8 varratio 0.045
step 250 loss 1.3835 lr 9.21e-05 wd 0.040 std 0.434 effrank 14.9 varratio 0.025
step 300 loss 1.2978 lr 1.10e-04 wd 0.040 std 0.483 effrank 16.2 varratio 0.023
step 350 loss 1.2319 lr 1.29e-04 wd 0.040 std 0.514 effrank 17.1 varratio 0.012
step 400 loss 1.2206 lr 1.47e-04 wd 0.040 std 0.445 effrank 17.1 varratio 0.009
step 450 loss 1.3188 lr 1.66e-04 wd 0.041 std 0.523 effrank 17.1 varratio 0.005
step 500 loss 1.1248 lr 1.84e-04 wd 0.041 std 0.498 effrank 17.6 varratio 0.006
step 550 loss 1.1244 lr 2.03e-04 wd 0.041 std 0.475 effrank 18.5 varratio 0.004
step 600 loss 1.2460 lr 2.21e-04 wd 0.041 std 0.487 effrank 18.6 varratio 0.003
step 650 loss 0.9671 lr 2.39e-04 wd 0.041 std 0.522 effrank 20.5 varratio 0.005
step 700 loss 1.1824 lr 2.58e-04 wd 0.041 std 0.573 effrank 21.5 varratio 0.003
step 750 loss 0.9836 lr 2.76e-04 wd 0.042 std 0.558 effrank 23.6 varratio 0.005
step 800 loss 1.2786 lr 2.95e-04 wd 0.042 std 0.432 effrank 26.3 varratio 0.003
step 850 loss 1.0393 lr 3.13e-04 wd 0.042 std 0.563 effrank 25.1 varratio 0.005
step 900 loss 1.1926 lr 3.31e-04 wd 0.042 std 0.546 effrank 26.5 varratio 0.004
step 950 loss 0.9577 lr 3.50e-04 wd 0.042 std 0.591 effrank 27.1 varratio 0.008
step 1000 loss 1.0868 lr 3.68e-04 wd 0.043 std 0.614 effrank 28.9 varratio 0.008
step 1050 loss 1.2062 lr 3.87e-04 wd 0.043 std 0.518 effrank 34.1 varratio 0.011
step 1100 loss 1.0386 lr 4.05e-04 wd 0.043 std 0.615 effrank 35.8 varratio 0.018
step 1150 loss 1.1756 lr 4.24e-04 wd 0.044 std 0.539 effrank 37.9 varratio 0.033
step 1200 loss 1.1191 lr 4.42e-04 wd 0.044 std 0.623 effrank 41.5 varratio 0.066
step 1250 loss 0.9135 lr 4.60e-04 wd 0.044 std 0.658 effrank 45.8 varratio 0.074
step 1300 loss 1.1544 lr 4.79e-04 wd 0.045 std 0.632 effrank 53.4 varratio 0.041
step 1350 loss 0.8219 lr 4.97e-04 wd 0.045 std 0.706 effrank 63.2 varratio 0.133
step 1400 loss 0.8812 lr 5.16e-04 wd 0.045 std 0.713 effrank 75.1 varratio 0.091
step 1450 loss 1.1503 lr 5.34e-04 wd 0.046 std 0.758 effrank 89.1 varratio 0.089
step 1500 loss 0.8220 lr 5.52e-04 wd 0.046 std 0.767 effrank 101.6 varratio 0.163
step 1550 loss 0.8651 lr 5.71e-04 wd 0.046 std 0.805 effrank 105.0 varratio 0.139
step 1600 loss 0.7699 lr 5.89e-04 wd 0.047 std 0.787 effrank 115.8 varratio 0.201
step 1650 loss 0.8973 lr 6.08e-04 wd 0.047 std 0.782 effrank 120.3 varratio 0.142
step 1700 loss 0.7688 lr 6.26e-04 wd 0.048 std 0.838 effrank 137.0 varratio 0.168
step 1750 loss 0.5446 lr 6.45e-04 wd 0.048 std 0.876 effrank 154.7 varratio 0.277
step 1800 loss 0.6933 lr 6.63e-04 wd 0.049 std 0.889 effrank 158.1 varratio 0.211
step 1850 loss 0.4688 lr 6.81e-04 wd 0.049 std 0.899 effrank 176.7 varratio 0.395
step 1900 loss 0.6181 lr 7.00e-04 wd 0.050 std 0.887 effrank 182.0 varratio 0.286
step 1950 loss 0.5303 lr 7.18e-04 wd 0.050 std 0.913 effrank 185.7 varratio 0.271
step 2000 loss 0.4786 lr 7.37e-04 wd 0.051 std 0.921 effrank 202.5 varratio 0.295
step 2050 loss 0.4807 lr 7.55e-04 wd 0.051 std 0.936 effrank 213.0 varratio 0.308
step 2100 loss 0.4991 lr 7.73e-04 wd 0.052 std 0.865 effrank 216.2 varratio 0.262
step 2150 loss 0.6245 lr 7.92e-04 wd 0.052 std 0.929 effrank 207.4 varratio 0.161
step 2200 loss 0.3989 lr 8.10e-04 wd 0.053 std 0.956 effrank 217.9 varratio 0.343
step 2250 loss 0.7159 lr 8.29e-04 wd 0.054 std 0.968 effrank 224.2 varratio 0.233
step 2300 loss 0.5061 lr 8.47e-04 wd 0.054 std 0.972 effrank 232.4 varratio 0.248
step 2350 loss 0.5240 lr 8.66e-04 wd 0.055 std 0.985 effrank 238.9 varratio 0.218
step 2400 loss 0.4039 lr 8.84e-04 wd 0.055 std 0.987 effrank 241.8 varratio 0.276
step 2450 loss 0.4242 lr 9.02e-04 wd 0.056 std 0.989 effrank 254.8 varratio 0.277
step 2500 loss 0.3209 lr 9.21e-04 wd 0.057 std 0.995 effrank 261.0 varratio 0.370
step 2550 loss 0.4421 lr 9.39e-04 wd 0.057 std 0.997 effrank 266.8 varratio 0.251
step 2600 loss 0.5114 lr 9.58e-04 wd 0.058 std 0.997 effrank 272.8 varratio 0.217
step 2650 loss 0.5162 lr 9.76e-04 wd 0.059 std 1.001 effrank 281.6 varratio 0.211
step 2700 loss 0.4007 lr 9.94e-04 wd 0.059 std 1.000 effrank 286.8 varratio 0.293
step 2750 loss 0.4432 lr 1.00e-03 wd 0.060 std 0.996 effrank 294.1 varratio 0.236
step 2800 loss 0.3936 lr 1.00e-03 wd 0.061 std 0.997 effrank 298.6 varratio 0.271
step 2850 loss 0.4548 lr 1.00e-03 wd 0.062 std 1.001 effrank 304.8 varratio 0.264
step 2900 loss 0.5051 lr 1.00e-03 wd 0.062 std 0.992 effrank 305.9 varratio 0.247
step 2950 loss 0.6427 lr 9.99e-04 wd 0.063 std 1.007 effrank 310.1 varratio 0.160
step 3000 loss 0.4436 lr 9.99e-04 wd 0.064 std 1.005 effrank 301.8 varratio 0.255
step 3050 loss 0.5491 lr 9.99e-04 wd 0.065 std 1.008 effrank 310.8 varratio 0.203
step 3100 loss 0.3117 lr 9.98e-04 wd 0.065 std 0.999 effrank 315.0 varratio 0.345
step 3150 loss 0.3746 lr 9.98e-04 wd 0.066 std 1.002 effrank 324.0 varratio 0.288
step 3200 loss 0.5273 lr 9.98e-04 wd 0.067 std 0.994 effrank 326.3 varratio 0.222
step 3250 loss 0.3188 lr 9.97e-04 wd 0.068 std 0.998 effrank 324.7 varratio 0.313
step 3300 loss 0.7285 lr 9.96e-04 wd 0.069 std 1.006 effrank 333.1 varratio 0.164
step 3350 loss 0.4258 lr 9.96e-04 wd 0.070 std 1.002 effrank 338.4 varratio 0.225
step 3400 loss 0.3343 lr 9.95e-04 wd 0.070 std 1.006 effrank 338.1 varratio 0.279
step 3450 loss 0.3296 lr 9.94e-04 wd 0.071 std 1.004 effrank 336.6 varratio 0.278
step 3500 loss 0.5353 lr 9.94e-04 wd 0.072 std 1.007 effrank 347.6 varratio 0.155
step 3550 loss 0.5656 lr 9.93e-04 wd 0.073 std 1.003 effrank 349.3 varratio 0.160
step 3600 loss 0.3688 lr 9.92e-04 wd 0.074 std 1.006 effrank 353.0 varratio 0.241
step 3650 loss 0.4153 lr 9.91e-04 wd 0.075 std 1.006 effrank 356.7 varratio 0.209
step 3700 loss 0.5066 lr 9.90e-04 wd 0.076 std 1.011 effrank 351.0 varratio 0.182
step 3750 loss 0.2823 lr 9.89e-04 wd 0.077 std 1.011 effrank 345.4 varratio 0.287
step 3800 loss 0.4020 lr 9.88e-04 wd 0.078 std 0.981 effrank 314.0 varratio 0.251
step 3850 loss 0.4644 lr 9.87e-04 wd 0.079 std 0.990 effrank 269.3 varratio 0.232
step 3900 loss 0.4850 lr 9.85e-04 wd 0.080 std 0.987 effrank 264.0 varratio 0.224
step 3950 loss 0.4682 lr 9.84e-04 wd 0.081 std 0.989 effrank 271.4 varratio 0.201
step 4000 loss 0.5024 lr 9.83e-04 wd 0.082 std 0.989 effrank 267.9 varratio 0.179
step 4050 loss 0.5338 lr 9.82e-04 wd 0.083 std 0.986 effrank 224.6 varratio 0.174
step 4100 loss 0.4220 lr 9.80e-04 wd 0.084 std 0.986 effrank 236.7 varratio 0.225
step 4150 loss 0.3598 lr 9.79e-04 wd 0.085 std 0.988 effrank 251.6 varratio 0.296
step 4200 loss 0.4811 lr 9.77e-04 wd 0.086 std 0.995 effrank 256.8 varratio 0.201
step 4250 loss 0.5495 lr 9.76e-04 wd 0.087 std 0.995 effrank 261.4 varratio 0.165
step 4300 loss 0.4807 lr 9.74e-04 wd 0.088 std 0.992 effrank 278.9 varratio 0.180
step 4350 loss 0.4585 lr 9.72e-04 wd 0.089 std 0.986 effrank 275.9 varratio 0.242
step 4400 loss 0.4403 lr 9.71e-04 wd 0.090 std 0.991 effrank 282.0 varratio 0.212
step 4450 loss 0.4122 lr 9.69e-04 wd 0.091 std 1.011 effrank 277.5 varratio 0.188
step 4500 loss 0.4632 lr 9.67e-04 wd 0.092 std 1.001 effrank 261.1 varratio 0.202
step 4550 loss 0.4688 lr 9.65e-04 wd 0.093 std 0.991 effrank 242.5 varratio 0.225
step 4600 loss 0.6101 lr 9.63e-04 wd 0.094 std 0.977 effrank 258.4 varratio 0.133
step 4650 loss 0.6099 lr 9.62e-04 wd 0.096 std 1.012 effrank 269.3 varratio 0.144
step 4700 loss 0.4199 lr 9.60e-04 wd 0.097 std 0.933 effrank 249.5 varratio 0.259
step 4750 loss 0.6108 lr 9.57e-04 wd 0.098 std 0.977 effrank 233.3 varratio 0.153
step 4800 loss 0.4911 lr 9.55e-04 wd 0.099 std 0.973 effrank 235.3 varratio 0.211
step 4850 loss 0.4480 lr 9.53e-04 wd 0.100 std 0.993 effrank 263.0 varratio 0.180
step 4900 loss 0.5398 lr 9.51e-04 wd 0.101 std 0.993 effrank 257.5 varratio 0.167
step 4950 loss 0.5298 lr 9.49e-04 wd 0.102 std 0.984 effrank 265.3 varratio 0.138
step 5000 loss 0.5261 lr 9.47e-04 wd 0.104 std 0.993 effrank 273.6 varratio 0.145
step 5050 loss 0.5778 lr 9.44e-04 wd 0.105 std 0.996 effrank 264.0 varratio 0.151
step 5100 loss 0.4752 lr 9.42e-04 wd 0.106 std 0.994 effrank 266.3 varratio 0.182
step 5150 loss 0.5677 lr 9.40e-04 wd 0.107 std 0.994 effrank 271.9 varratio 0.137
step 5200 loss 0.6561 lr 9.37e-04 wd 0.108 std 0.995 effrank 260.8 varratio 0.131
step 5250 loss 0.4076 lr 9.35e-04 wd 0.110 std 0.998 effrank 270.0 varratio 0.220
step 5300 loss 0.5392 lr 9.32e-04 wd 0.111 std 0.992 effrank 268.2 varratio 0.139
step 5350 loss 0.6121 lr 9.29e-04 wd 0.112 std 0.976 effrank 238.1 varratio 0.134
step 5400 loss 0.6918 lr 9.27e-04 wd 0.113 std 0.987 effrank 212.3 varratio 0.134
step 5450 loss 0.7246 lr 9.24e-04 wd 0.115 std 0.994 effrank 233.9 varratio 0.125
step 5500 loss 0.7188 lr 9.21e-04 wd 0.116 std 0.983 effrank 211.1 varratio 0.121
step 5550 loss 0.6219 lr 9.19e-04 wd 0.117 std 0.942 effrank 211.9 varratio 0.152
step 5600 loss 0.6471 lr 9.16e-04 wd 0.119 std 0.961 effrank 170.9 varratio 0.194
step 5650 loss 0.7810 lr 9.13e-04 wd 0.120 std 0.977 effrank 186.7 varratio 0.132
step 5700 loss 0.6890 lr 9.10e-04 wd 0.121 std 0.941 effrank 195.0 varratio 0.150
step 5750 loss 0.6338 lr 9.07e-04 wd 0.122 std 0.955 effrank 198.1 varratio 0.143
step 5800 loss 0.6720 lr 9.04e-04 wd 0.124 std 0.951 effrank 169.8 varratio 0.119
step 5850 loss 0.9067 lr 9.01e-04 wd 0.125 std 0.949 effrank 160.4 varratio 0.108
step 5900 loss 0.8131 lr 8.98e-04 wd 0.126 std 0.896 effrank 124.0 varratio 0.142
step 5950 loss 0.7106 lr 8.95e-04 wd 0.128 std 0.884 effrank 146.7 varratio 0.141
step 6000 loss 0.9157 lr 8.92e-04 wd 0.129 std 0.741 effrank 143.4 varratio 0.107
step 6050 loss 0.6613 lr 8.89e-04 wd 0.130 std 0.925 effrank 164.6 varratio 0.105
step 6100 loss 0.7666 lr 8.85e-04 wd 0.132 std 0.946 effrank 152.5 varratio 0.114
step 6150 loss 0.6504 lr 8.82e-04 wd 0.133 std 0.925 effrank 174.6 varratio 0.112
step 6200 loss 0.6308 lr 8.79e-04 wd 0.135 std 0.901 effrank 166.4 varratio 0.128
step 6250 loss 0.6263 lr 8.75e-04 wd 0.136 std 0.946 effrank 174.6 varratio 0.089
step 6300 loss 0.7826 lr 8.72e-04 wd 0.137 std 0.944 effrank 174.8 varratio 0.071
step 6350 loss 0.6594 lr 8.69e-04 wd 0.139 std 0.948 effrank 166.3 varratio 0.106
step 6400 loss 0.6692 lr 8.65e-04 wd 0.140 std 0.951 effrank 178.9 varratio 0.114
step 6450 loss 0.7928 lr 8.62e-04 wd 0.141 std 0.945 effrank 165.4 varratio 0.090
step 6500 loss 0.7642 lr 8.58e-04 wd 0.143 std 0.899 effrank 167.4 varratio 0.086
step 6550 loss 0.7809 lr 8.55e-04 wd 0.144 std 0.832 effrank 141.7 varratio 0.109
step 6600 loss 0.9052 lr 8.51e-04 wd 0.146 std 0.919 effrank 142.2 varratio 0.080
step 6650 loss 0.8333 lr 8.47e-04 wd 0.147 std 0.947 effrank 163.3 varratio 0.056
step 6700 loss 0.8251 lr 8.44e-04 wd 0.149 std 0.768 effrank 111.8 varratio 0.089
step 6750 loss 0.8740 lr 8.40e-04 wd 0.150 std 0.818 effrank 113.2 varratio 0.085
step 6800 loss 0.8793 lr 8.36e-04 wd 0.151 std 0.870 effrank 101.1 varratio 0.069
step 6850 loss 1.0474 lr 8.32e-04 wd 0.153 std 0.714 effrank 84.5 varratio 0.064
step 6900 loss 1.0634 lr 8.28e-04 wd 0.154 std 0.733 effrank 75.4 varratio 0.061
step 6950 loss 1.1839 lr 8.25e-04 wd 0.156 std 0.557 effrank 42.3 varratio 0.063
step 7000 loss 1.1467 lr 8.21e-04 wd 0.157 std 0.645 effrank 32.9 varratio 0.075
step 7050 loss 0.9867 lr 8.17e-04 wd 0.159 std 0.558 effrank 68.3 varratio 0.061
step 7100 loss 1.4246 lr 8.13e-04 wd 0.160 std 0.627 effrank 60.1 varratio 0.036
step 7150 loss 1.1773 lr 8.09e-04 wd 0.162 std 0.578 effrank 62.6 varratio 0.037
step 7200 loss 0.9363 lr 8.05e-04 wd 0.163 std 0.589 effrank 66.0 varratio 0.063
step 7250 loss 1.3027 lr 8.01e-04 wd 0.165 std 0.439 effrank 45.5 varratio 0.029
step 7300 loss 1.1860 lr 7.97e-04 wd 0.166 std 0.660 effrank 46.0 varratio 0.038
step 7350 loss 1.2350 lr 7.92e-04 wd 0.168 std 0.576 effrank 43.4 varratio 0.030
step 7400 loss 1.1969 lr 7.88e-04 wd 0.169 std 0.547 effrank 50.4 varratio 0.037
step 7450 loss 1.0277 lr 7.84e-04 wd 0.171 std 0.670 effrank 49.4 varratio 0.041
step 7500 loss 1.1135 lr 7.80e-04 wd 0.172 std 0.470 effrank 31.1 varratio 0.033
step 7550 loss 1.2522 lr 7.76e-04 wd 0.174 std 0.495 effrank 35.8 varratio 0.025
step 7600 loss 1.6447 lr 7.71e-04 wd 0.175 std 0.135 effrank 17.0 varratio 0.025
step 7650 loss 1.6403 lr 7.67e-04 wd 0.177 std 0.160 effrank 4.7 varratio 0.021
step 7700 loss 1.2101 lr 7.63e-04 wd 0.178 std 0.220 effrank 4.6 varratio 0.036
step 7750 loss 1.2229 lr 7.58e-04 wd 0.180 std 0.301 effrank 6.5 varratio 0.036
step 7800 loss 1.2301 lr 7.54e-04 wd 0.181 std 0.433 effrank 12.5 varratio 0.023
step 7850 loss 1.4737 lr 7.50e-04 wd 0.183 std 0.108 effrank 6.8 varratio 0.033
step 7900 loss 1.0837 lr 7.45e-04 wd 0.184 std 0.132 effrank 7.5 varratio 0.061
step 7950 loss 1.0088 lr 7.41e-04 wd 0.186 std 0.297 effrank 8.6 varratio 0.045
step 8000 loss 1.3084 lr 7.36e-04 wd 0.187 std 0.170 effrank 9.7 varratio 0.017
step 8050 loss 1.1601 lr 7.32e-04 wd 0.189 std 0.154 effrank 4.5 varratio 0.025
step 8100 loss 1.1049 lr 7.27e-04 wd 0.190 std 0.224 effrank 3.0 varratio 0.019
step 8150 loss 1.1632 lr 7.23e-04 wd 0.192 std 0.274 effrank 4.6 varratio 0.022
step 8200 loss 1.1288 lr 7.18e-04 wd 0.194 std 0.418 effrank 6.1 varratio 0.025
step 8250 loss 1.0815 lr 7.14e-04 wd 0.195 std 0.124 effrank 7.0 varratio 0.027
step 8300 loss 1.1662 lr 7.09e-04 wd 0.197 std 0.179 effrank 8.3 varratio 0.009
step 8350 loss 1.0124 lr 7.04e-04 wd 0.198 std 0.378 effrank 4.9 varratio 0.039
step 8400 loss 0.9315 lr 7.00e-04 wd 0.200 std 0.268 effrank 5.0 varratio 0.061
step 8450 loss 1.0440 lr 6.95e-04 wd 0.201 std 0.315 effrank 5.8 varratio 0.017
step 8500 loss 1.1785 lr 6.90e-04 wd 0.203 std 0.341 effrank 7.1 varratio 0.011
step 8550 loss 0.8100 lr 6.85e-04 wd 0.204 std 0.332 effrank 7.9 varratio 0.174
step 8600 loss 0.9753 lr 6.81e-04 wd 0.206 std 0.327 effrank 7.8 varratio 0.022
step 8650 loss 0.9434 lr 6.76e-04 wd 0.208 std 0.402 effrank 10.4 varratio 0.022
step 8700 loss 1.1250 lr 6.71e-04 wd 0.209 std 0.373 effrank 9.6 varratio 0.009
step 8750 loss 0.7965 lr 6.66e-04 wd 0.211 std 0.402 effrank 11.9 varratio 0.018
step 8800 loss 0.8823 lr 6.62e-04 wd 0.212 std 0.432 effrank 10.8 varratio 0.018
step 8850 loss 0.8934 lr 6.57e-04 wd 0.214 std 0.417 effrank 15.3 varratio 0.011
step 8900 loss 0.9083 lr 6.52e-04 wd 0.215 std 0.383 effrank 10.9 varratio 0.019
step 8950 loss 0.8442 lr 6.47e-04 wd 0.217 std 0.402 effrank 12.0 varratio 0.022
step 9000 loss 0.7883 lr 6.42e-04 wd 0.218 std 0.414 effrank 16.4 varratio 0.027
step 9050 loss 0.8277 lr 6.37e-04 wd 0.220 std 0.403 effrank 18.5 varratio 0.009
step 9100 loss 0.7440 lr 6.32e-04 wd 0.222 std 0.460 effrank 18.4 varratio 0.021
step 9150 loss 0.7441 lr 6.27e-04 wd 0.223 std 0.474 effrank 19.2 varratio 0.026
step 9200 loss 0.7707 lr 6.22e-04 wd 0.225 std 0.449 effrank 17.2 varratio 0.021
step 9250 loss 0.8442 lr 6.17e-04 wd 0.226 std 0.427 effrank 15.7 varratio 0.015
step 9300 loss 0.7776 lr 6.13e-04 wd 0.228 std 0.485 effrank 19.3 varratio 0.017
step 9350 loss 0.7336 lr 6.08e-04 wd 0.229 std 0.378 effrank 20.6 varratio 0.037
step 9400 loss 0.6808 lr 6.03e-04 wd 0.231 std 0.451 effrank 21.2 varratio 0.079
step 9450 loss 0.7889 lr 5.98e-04 wd 0.232 std 0.486 effrank 19.9 varratio 0.014
step 9500 loss 0.6667 lr 5.93e-04 wd 0.234 std 0.487 effrank 22.5 varratio 0.050
step 9550 loss 0.7607 lr 5.88e-04 wd 0.236 std 0.423 effrank 18.3 varratio 0.026
step 9600 loss 0.8017 lr 5.82e-04 wd 0.237 std 0.398 effrank 19.4 varratio 0.018
step 9650 loss 0.7937 lr 5.77e-04 wd 0.239 std 0.476 effrank 18.6 varratio 0.014
step 9700 loss 0.6920 lr 5.72e-04 wd 0.240 std 0.468 effrank 20.4 varratio 0.056
step 9750 loss 0.8376 lr 5.67e-04 wd 0.242 std 0.461 effrank 20.6 varratio 0.007
step 9800 loss 0.7708 lr 5.62e-04 wd 0.243 std 0.457 effrank 17.8 varratio 0.019
step 9850 loss 0.7217 lr 5.57e-04 wd 0.245 std 0.481 effrank 15.7 varratio 0.109
step 9900 loss 0.7022 lr 5.52e-04 wd 0.246 std 0.407 effrank 17.3 varratio 0.071
step 9950 loss 0.7443 lr 5.47e-04 wd 0.248 std 0.422 effrank 19.7 varratio 0.022
step 10000 loss 0.7308 lr 5.42e-04 wd 0.250 std 0.400 effrank 21.6 varratio 0.027
step 10050 loss 0.7055 lr 5.37e-04 wd 0.251 std 0.535 effrank 22.1 varratio 0.054
step 10100 loss 0.7163 lr 5.32e-04 wd 0.253 std 0.451 effrank 23.9 varratio 0.016
step 10150 loss 0.6729 lr 5.27e-04 wd 0.254 std 0.502 effrank 24.7 varratio 0.062
step 10200 loss 0.7129 lr 5.22e-04 wd 0.256 std 0.466 effrank 26.1 varratio 0.015
step 10250 loss 0.7805 lr 5.17e-04 wd 0.257 std 0.469 effrank 23.1 varratio 0.011
step 10300 loss 0.6515 lr 5.11e-04 wd 0.259 std 0.509 effrank 22.7 varratio 0.208
step 10350 loss 0.6712 lr 5.06e-04 wd 0.260 std 0.466 effrank 26.8 varratio 0.026
step 10400 loss 0.7160 lr 5.01e-04 wd 0.262 std 0.458 effrank 21.0 varratio 0.023
step 10450 loss 0.6992 lr 4.96e-04 wd 0.263 std 0.465 effrank 23.0 varratio 0.018
step 10500 loss 0.7230 lr 4.91e-04 wd 0.265 std 0.454 effrank 20.0 varratio 0.017
step 10550 loss 0.7170 lr 4.86e-04 wd 0.266 std 0.522 effrank 20.5 varratio 0.023
step 10600 loss 0.7252 lr 4.81e-04 wd 0.268 std 0.422 effrank 14.1 varratio 0.054
step 10650 loss 0.6901 lr 4.76e-04 wd 0.269 std 0.458 effrank 20.3 varratio 0.033
step 10700 loss 0.6959 lr 4.71e-04 wd 0.271 std 0.528 effrank 21.6 varratio 0.045
step 10750 loss 0.8345 lr 4.66e-04 wd 0.272 std 0.441 effrank 16.4 varratio 0.011
step 10800 loss 0.6802 lr 4.61e-04 wd 0.274 std 0.509 effrank 22.0 varratio 0.016
step 10850 loss 0.7138 lr 4.55e-04 wd 0.275 std 0.451 effrank 17.0 varratio 0.055
step 10900 loss 0.7163 lr 4.50e-04 wd 0.277 std 0.414 effrank 15.0 varratio 0.073
step 10950 loss 0.6902 lr 4.45e-04 wd 0.278 std 0.449 effrank 19.9 varratio 0.025
step 11000 loss 0.7472 lr 4.40e-04 wd 0.280 std 0.451 effrank 19.2 varratio 0.012
step 11050 loss 0.7305 lr 4.35e-04 wd 0.281 std 0.412 effrank 21.2 varratio 0.025
step 11100 loss 0.6482 lr 4.30e-04 wd 0.283 std 0.532 effrank 23.8 varratio 0.034
step 11150 loss 0.6813 lr 4.25e-04 wd 0.284 std 0.457 effrank 17.2 varratio 0.047
step 11200 loss 0.7596 lr 4.20e-04 wd 0.286 std 0.408 effrank 15.7 varratio 0.018
step 11250 loss 0.6711 lr 4.15e-04 wd 0.287 std 0.530 effrank 21.8 varratio 0.021
step 11300 loss 0.7782 lr 4.10e-04 wd 0.289 std 0.394 effrank 17.4 varratio 0.015
step 11350 loss 0.7128 lr 4.05e-04 wd 0.290 std 0.491 effrank 19.6 varratio 0.022
step 11400 loss 0.6846 lr 4.00e-04 wd 0.291 std 0.552 effrank 23.7 varratio 0.012
step 11450 loss 0.6876 lr 3.95e-04 wd 0.293 std 0.465 effrank 16.9 varratio 0.060
step 11500 loss 0.7627 lr 3.90e-04 wd 0.294 std 0.453 effrank 15.6 varratio 0.009
step 11550 loss 0.6619 lr 3.85e-04 wd 0.296 std 0.490 effrank 21.8 varratio 0.029
step 11600 loss 0.6786 lr 3.80e-04 wd 0.297 std 0.472 effrank 20.3 varratio 0.016
step 11650 loss 0.7243 lr 3.75e-04 wd 0.299 std 0.495 effrank 21.4 varratio 0.013
step 11700 loss 0.7120 lr 3.70e-04 wd 0.300 std 0.404 effrank 17.2 varratio 0.026
step 11750 loss 0.8727 lr 3.65e-04 wd 0.301 std 0.249 effrank 7.1 varratio 0.014
step 11800 loss 0.6910 lr 3.60e-04 wd 0.303 std 0.539 effrank 18.3 varratio 0.030
step 11850 loss 0.7492 lr 3.55e-04 wd 0.304 std 0.316 effrank 17.2 varratio 0.014
step 11900 loss 0.7347 lr 3.51e-04 wd 0.305 std 0.404 effrank 14.6 varratio 0.012
step 11950 loss 0.7143 lr 3.46e-04 wd 0.307 std 0.400 effrank 16.6 varratio 0.014
step 12000 loss 0.7043 lr 3.41e-04 wd 0.308 std 0.480 effrank 17.6 varratio 0.016
step 12050 loss 0.7621 lr 3.36e-04 wd 0.310 std 0.429 effrank 11.5 varratio 0.051
step 12100 loss 0.7003 lr 3.31e-04 wd 0.311 std 0.383 effrank 20.4 varratio 0.019
step 12150 loss 0.6934 lr 3.26e-04 wd 0.312 std 0.451 effrank 21.0 varratio 0.012
step 12200 loss 0.7628 lr 3.22e-04 wd 0.314 std 0.531 effrank 15.8 varratio 0.031
step 12250 loss 0.7069 lr 3.17e-04 wd 0.315 std 0.475 effrank 19.6 varratio 0.014
step 12300 loss 0.6608 lr 3.12e-04 wd 0.316 std 0.494 effrank 24.3 varratio 0.015
step 12350 loss 0.7700 lr 3.08e-04 wd 0.318 std 0.521 effrank 18.0 varratio 0.011
step 12400 loss 0.6526 lr 3.03e-04 wd 0.319 std 0.557 effrank 25.8 varratio 0.010
step 12450 loss 0.6818 lr 2.98e-04 wd 0.320 std 0.488 effrank 22.9 varratio 0.012
step 12500 loss 0.6391 lr 2.94e-04 wd 0.321 std 0.507 effrank 27.4 varratio 0.021
step 12550 loss 0.6780 lr 2.89e-04 wd 0.323 std 0.549 effrank 20.8 varratio 0.017
step 12600 loss 0.7278 lr 2.84e-04 wd 0.324 std 0.455 effrank 19.7 varratio 0.015
step 12650 loss 0.6309 lr 2.80e-04 wd 0.325 std 0.495 effrank 26.6 varratio 0.046
step 12700 loss 0.7175 lr 2.75e-04 wd 0.327 std 0.392 effrank 17.5 varratio 0.027
step 12750 loss 0.7260 lr 2.71e-04 wd 0.328 std 0.428 effrank 20.5 varratio 0.015
step 12800 loss 0.6851 lr 2.66e-04 wd 0.329 std 0.548 effrank 21.8 varratio 0.023
step 12850 loss 0.6465 lr 2.62e-04 wd 0.330 std 0.500 effrank 22.8 varratio 0.066
step 12900 loss 0.6719 lr 2.57e-04 wd 0.332 std 0.464 effrank 20.4 varratio 0.029
step 12950 loss 0.6312 lr 2.53e-04 wd 0.333 std 0.556 effrank 27.4 varratio 0.021
step 13000 loss 0.6516 lr 2.48e-04 wd 0.334 std 0.521 effrank 22.8 varratio 0.087
step 13050 loss 0.6813 lr 2.44e-04 wd 0.335 std 0.461 effrank 22.2 varratio 0.014
step 13100 loss 0.7685 lr 2.40e-04 wd 0.336 std 0.368 effrank 16.7 varratio 0.008
step 13150 loss 0.6968 lr 2.35e-04 wd 0.338 std 0.414 effrank 21.6 varratio 0.015
step 13200 loss 0.6449 lr 2.31e-04 wd 0.339 std 0.547 effrank 26.7 varratio 0.017
step 13250 loss 0.6501 lr 2.27e-04 wd 0.340 std 0.509 effrank 26.6 varratio 0.015
step 13300 loss 0.6365 lr 2.22e-04 wd 0.341 std 0.463 effrank 24.8 varratio 0.051
step 13350 loss 0.6738 lr 2.18e-04 wd 0.342 std 0.510 effrank 21.7 varratio 0.035
step 13400 loss 0.6919 lr 2.14e-04 wd 0.343 std 0.462 effrank 23.0 varratio 0.011
step 13450 loss 0.6788 lr 2.10e-04 wd 0.344 std 0.514 effrank 24.0 varratio 0.017
step 13500 loss 0.6487 lr 2.06e-04 wd 0.346 std 0.512 effrank 24.4 varratio 0.012
step 13550 loss 0.6254 lr 2.02e-04 wd 0.347 std 0.558 effrank 25.8 varratio 0.024
step 13600 loss 0.6535 lr 1.97e-04 wd 0.348 std 0.531 effrank 24.6 varratio 0.031
step 13650 loss 0.6224 lr 1.93e-04 wd 0.349 std 0.506 effrank 27.1 varratio 0.039
step 13700 loss 0.6323 lr 1.89e-04 wd 0.350 std 0.541 effrank 25.8 varratio 0.022
step 13750 loss 0.6717 lr 1.85e-04 wd 0.351 std 0.478 effrank 21.2 varratio 0.021
step 13800 loss 0.6923 lr 1.81e-04 wd 0.352 std 0.488 effrank 20.3 varratio 0.023
step 13850 loss 0.6433 lr 1.78e-04 wd 0.353 std 0.530 effrank 24.9 varratio 0.024
step 13900 loss 0.6462 lr 1.74e-04 wd 0.354 std 0.490 effrank 26.6 varratio 0.020
step 13950 loss 0.6795 lr 1.70e-04 wd 0.355 std 0.491 effrank 22.8 varratio 0.013
step 14000 loss 0.6294 lr 1.66e-04 wd 0.356 std 0.549 effrank 26.8 varratio 0.020
step 14050 loss 0.6576 lr 1.62e-04 wd 0.357 std 0.443 effrank 26.6 varratio 0.020
step 14100 loss 0.6401 lr 1.59e-04 wd 0.358 std 0.523 effrank 26.3 varratio 0.014
step 14150 loss 0.6427 lr 1.55e-04 wd 0.359 std 0.566 effrank 26.2 varratio 0.016
step 14200 loss 0.6381 lr 1.51e-04 wd 0.360 std 0.542 effrank 28.7 varratio 0.019
step 14250 loss 0.6185 lr 1.48e-04 wd 0.361 std 0.478 effrank 29.5 varratio 0.037
step 14300 loss 0.6289 lr 1.44e-04 wd 0.362 std 0.544 effrank 29.4 varratio 0.014
step 14350 loss 0.6124 lr 1.40e-04 wd 0.363 std 0.552 effrank 30.6 varratio 0.015
step 14400 loss 0.6206 lr 1.37e-04 wd 0.364 std 0.485 effrank 30.4 varratio 0.029
step 14450 loss 0.5788 lr 1.33e-04 wd 0.365 std 0.543 effrank 33.2 varratio 0.021
step 14500 loss 0.6307 lr 1.30e-04 wd 0.366 std 0.508 effrank 29.2 varratio 0.017
step 14550 loss 0.5924 lr 1.27e-04 wd 0.367 std 0.601 effrank 31.3 varratio 0.022
step 14600 loss 0.5964 lr 1.23e-04 wd 0.368 std 0.578 effrank 29.8 varratio 0.031
step 14650 loss 0.6508 lr 1.20e-04 wd 0.369 std 0.511 effrank 25.1 varratio 0.018
step 14700 loss 0.6146 lr 1.17e-04 wd 0.370 std 0.486 effrank 29.0 varratio 0.117
step 14750 loss 0.5833 lr 1.13e-04 wd 0.370 std 0.573 effrank 34.5 varratio 0.014
step 14800 loss 0.5868 lr 1.10e-04 wd 0.371 std 0.615 effrank 33.4 varratio 0.016
step 14850 loss 0.5958 lr 1.07e-04 wd 0.372 std 0.606 effrank 31.8 varratio 0.024
step 14900 loss 0.6034 lr 1.04e-04 wd 0.373 std 0.599 effrank 30.0 varratio 0.027
step 14950 loss 0.5990 lr 1.01e-04 wd 0.374 std 0.509 effrank 31.6 varratio 0.043
step 15000 loss 0.5793 lr 9.78e-05 wd 0.375 std 0.572 effrank 36.8 varratio 0.015
step 15050 loss 0.5933 lr 9.48e-05 wd 0.375 std 0.570 effrank 34.4 varratio 0.018
step 15100 loss 0.5970 lr 9.18e-05 wd 0.376 std 0.578 effrank 32.5 varratio 0.026
step 15150 loss 0.6192 lr 8.89e-05 wd 0.377 std 0.548 effrank 30.2 varratio 0.023
step 15200 loss 0.5689 lr 8.61e-05 wd 0.378 std 0.626 effrank 35.2 varratio 0.030
step 15250 loss 0.5531 lr 8.32e-05 wd 0.378 std 0.623 effrank 35.1 varratio 0.172
step 15300 loss 0.5758 lr 8.04e-05 wd 0.379 std 0.559 effrank 35.7 varratio 0.023
step 15350 loss 0.5974 lr 7.77e-05 wd 0.380 std 0.545 effrank 33.0 varratio 0.020
step 15400 loss 0.5939 lr 7.50e-05 wd 0.381 std 0.540 effrank 35.5 varratio 0.020
step 15450 loss 0.5683 lr 7.24e-05 wd 0.381 std 0.589 effrank 35.6 varratio 0.028
step 15500 loss 0.6118 lr 6.98e-05 wd 0.382 std 0.586 effrank 32.1 varratio 0.015
step 15550 loss 0.5642 lr 6.72e-05 wd 0.383 std 0.579 effrank 37.4 varratio 0.025
step 15600 loss 0.6041 lr 6.47e-05 wd 0.383 std 0.577 effrank 35.9 varratio 0.015
step 15650 loss 0.5504 lr 6.22e-05 wd 0.384 std 0.638 effrank 40.4 varratio 0.013
step 15700 loss 0.5437 lr 5.98e-05 wd 0.385 std 0.626 effrank 38.5 varratio 0.030
step 15750 loss 0.5651 lr 5.74e-05 wd 0.385 std 0.553 effrank 38.3 varratio 0.027
step 15800 loss 0.5939 lr 5.51e-05 wd 0.386 std 0.592 effrank 34.0 varratio 0.024
step 15850 loss 0.5889 lr 5.28e-05 wd 0.386 std 0.591 effrank 35.8 varratio 0.021
step 15900 loss 0.5799 lr 5.06e-05 wd 0.387 std 0.641 effrank 37.1 varratio 0.011
step 15950 loss 0.5547 lr 4.84e-05 wd 0.388 std 0.634 effrank 38.3 varratio 0.022
step 16000 loss 0.5784 lr 4.62e-05 wd 0.388 std 0.544 effrank 35.7 varratio 0.027
step 16050 loss 0.6013 lr 4.41e-05 wd 0.389 std 0.556 effrank 30.3 varratio 0.039
step 16100 loss 0.5724 lr 4.21e-05 wd 0.389 std 0.582 effrank 37.0 varratio 0.023
step 16150 loss 0.6059 lr 4.01e-05 wd 0.390 std 0.560 effrank 32.8 varratio 0.016
step 16200 loss 0.5419 lr 3.81e-05 wd 0.390 std 0.605 effrank 39.0 varratio 0.035
step 16250 loss 0.5524 lr 3.62e-05 wd 0.391 std 0.594 effrank 38.4 varratio 0.031
step 16300 loss 0.5843 lr 3.44e-05 wd 0.391 std 0.625 effrank 35.4 varratio 0.014
step 16350 loss 0.6106 lr 3.26e-05 wd 0.392 std 0.652 effrank 34.7 varratio 0.012
step 16400 loss 0.5635 lr 3.08e-05 wd 0.392 std 0.609 effrank 37.8 varratio 0.013
step 16450 loss 0.6760 lr 2.91e-05 wd 0.393 std 0.575 effrank 27.1 varratio 0.017
step 16500 loss 0.5709 lr 2.74e-05 wd 0.393 std 0.639 effrank 38.4 varratio 0.013
step 16550 loss 0.5652 lr 2.58e-05 wd 0.394 std 0.581 effrank 37.0 varratio 0.026
step 16600 loss 0.5621 lr 2.42e-05 wd 0.394 std 0.555 effrank 39.6 varratio 0.031
step 16650 loss 0.5756 lr 2.27e-05 wd 0.394 std 0.598 effrank 37.0 varratio 0.016
step 16700 loss 0.5637 lr 2.13e-05 wd 0.395 std 0.579 effrank 38.7 varratio 0.030
step 16750 loss 0.5698 lr 1.99e-05 wd 0.395 std 0.565 effrank 39.1 varratio 0.020
step 16800 loss 0.5567 lr 1.85e-05 wd 0.395 std 0.581 effrank 40.9 varratio 0.024
step 16850 loss 0.5604 lr 1.72e-05 wd 0.396 std 0.587 effrank 38.2 varratio 0.036
step 16900 loss 0.5620 lr 1.59e-05 wd 0.396 std 0.580 effrank 37.3 varratio 0.064
step 16950 loss 0.5857 lr 1.47e-05 wd 0.396 std 0.597 effrank 35.9 varratio 0.017
step 17000 loss 0.5988 lr 1.35e-05 wd 0.397 std 0.586 effrank 35.8 varratio 0.013
step 17050 loss 0.5947 lr 1.24e-05 wd 0.397 std 0.556 effrank 36.9 varratio 0.019
step 17100 loss 0.6051 lr 1.14e-05 wd 0.397 std 0.567 effrank 35.7 varratio 0.012
step 17150 loss 0.5711 lr 1.04e-05 wd 0.398 std 0.605 effrank 39.5 varratio 0.011
step 17200 loss 0.5558 lr 9.41e-06 wd 0.398 std 0.605 effrank 37.7 varratio 0.026
step 17250 loss 0.5701 lr 8.51e-06 wd 0.398 std 0.672 effrank 40.2 varratio 0.007
step 17300 loss 0.6259 lr 7.65e-06 wd 0.398 std 0.581 effrank 31.3 varratio 0.017
step 17350 loss 0.5409 lr 6.85e-06 wd 0.398 std 0.644 effrank 39.3 varratio 0.032
step 17400 loss 0.5547 lr 6.09e-06 wd 0.399 std 0.617 effrank 40.0 varratio 0.021
step 17450 loss 0.5490 lr 5.39e-06 wd 0.399 std 0.612 effrank 40.3 varratio 0.024
step 17500 loss 0.5489 lr 4.74e-06 wd 0.399 std 0.604 effrank 37.9 varratio 0.041
step 17550 loss 0.5789 lr 4.15e-06 wd 0.399 std 0.607 effrank 37.3 varratio 0.014
step 17600 loss 0.5697 lr 3.60e-06 wd 0.399 std 0.602 effrank 36.7 varratio 0.034
step 17650 loss 0.6249 lr 3.11e-06 wd 0.399 std 0.520 effrank 30.2 varratio 0.026
step 17700 loss 0.5290 lr 2.67e-06 wd 0.400 std 0.621 effrank 42.1 varratio 0.026
step 17750 loss 0.5551 lr 2.28e-06 wd 0.400 std 0.627 effrank 39.1 varratio 0.019
step 17800 loss 0.5429 lr 1.94e-06 wd 0.400 std 0.618 effrank 40.2 varratio 0.031
step 17850 loss 0.5550 lr 1.65e-06 wd 0.400 std 0.645 effrank 38.4 varratio 0.041
step 17900 loss 0.5455 lr 1.42e-06 wd 0.400 std 0.593 effrank 40.8 varratio 0.037
step 17950 loss 0.5338 lr 1.23e-06 wd 0.400 std 0.643 effrank 43.1 varratio 0.017
step 18000 loss 0.5471 lr 1.10e-06 wd 0.400 std 0.623 effrank 39.4 varratio 0.032
step 18050 loss 0.5693 lr 1.03e-06 wd 0.400 std 0.574 effrank 38.8 varratio 0.023
[run_matrix] tjepa_dim768: linear=6.31 conv=6.76 knn=0.5083 gpu_h=4.38
